<environmentvariabledefinition schemaname="pobvol_ServiceContracts">
  <apiid>/providers/microsoft.powerapps/apis/shared_sharepointonline</apiid>
  <description default="Zugriff auf die Serviceverträge">
    <label description="Zugriff auf die Serviceverträge" languagecode="1031" />
  </description>
  <displayname default="Servicevertraege">
    <label description="Servicevertraege" languagecode="1031" />
  </displayname>
  <introducedversion>1.1</introducedversion>
  <iscustomizable>1</iscustomizable>
  <isrequired>0</isrequired>
  <parameterkey>table</parameterkey>
  <parentdefinitionid>
    <schemaname>pobvol_pssServiceTeamsite</schemaname>
  </parentdefinitionid>
  <secretstore>0</secretstore>
  <type>100000004</type>
</environmentvariabledefinition>