<environmentvariabledefinition schemaname="pobvol_ServicevorgaengeP">
  <apiid>/providers/microsoft.powerapps/apis/shared_sharepointonline</apiid>
  <description default="Service Operations Details for Checkpoints">
    <label description="Service Operations Details for Checkpoints" languagecode="1031" />
  </description>
  <displayname default="ServicevorgaengeP">
    <label description="ServicevorgaengeP" languagecode="1031" />
  </displayname>
  <introducedversion>1.0</introducedversion>
  <iscustomizable>1</iscustomizable>
  <isrequired>0</isrequired>
  <parameterkey>table</parameterkey>
  <parentdefinitionid>
    <schemaname>pobvol_pssServiceTeamsite</schemaname>
  </parentdefinitionid>
  <secretstore>0</secretstore>
  <type>100000004</type>
</environmentvariabledefinition>