<environmentvariabledefinition schemaname="pobvol_pssServiceTeamsite">
  <apiid>/providers/microsoft.powerapps/apis/shared_sharepointonline</apiid>
  <defaultvalue>https://pobvol.sharepoint.com/sites/pssService</defaultvalue>
  <description default="SharePoint-Gruppe des Serviceteams">
    <label description="SharePoint-Gruppe des Serviceteams" languagecode="1031" />
  </description>
  <displayname default="pssServiceTeamseite">
    <label description="pssServiceTeamseite" languagecode="1031" />
  </displayname>
  <introducedversion>1.3</introducedversion>
  <iscustomizable>1</iscustomizable>
  <isrequired>0</isrequired>
  <parameterkey>dataset</parameterkey>
  <secretstore>0</secretstore>
  <type>100000004</type>
</environmentvariabledefinition>