<environmentvariabledefinition schemaname="pobvol_ServicevertraegeAbrechnung">
  <apiid>/providers/microsoft.powerapps/apis/shared_sharepointonline</apiid>
  <description default="Contract billing">
    <label description="Contract billing" languagecode="1031" />
  </description>
  <displayname default="ServicevertraegeAbrechnung">
    <label description="ServicevertraegeAbrechnung" languagecode="1031" />
  </displayname>
  <introducedversion>1.20</introducedversion>
  <iscustomizable>1</iscustomizable>
  <isrequired>0</isrequired>
  <parameterkey>table</parameterkey>
  <parentdefinitionid>
    <schemaname>pobvol_pssServiceTeamsite</schemaname>
  </parentdefinitionid>
  <secretstore>0</secretstore>
  <type>100000004</type>
</environmentvariabledefinition>