<environmentvariabledefinition schemaname="pobvol_Fahrtbericht">
  <apiid>/providers/microsoft.powerapps/apis/shared_sharepointonline</apiid>
  <description default="Daten zu den Fahrtberichten der Techniker">
    <label description="Daten zu den Fahrtberichten der Techniker" languagecode="1031" />
  </description>
  <displayname default="Fahrtbericht">
    <label description="Fahrtbericht" languagecode="1031" />
  </displayname>
  <introducedversion>1.0</introducedversion>
  <iscustomizable>1</iscustomizable>
  <isrequired>0</isrequired>
  <parameterkey>table</parameterkey>
  <parentdefinitionid>
    <schemaname>pobvol_pssServiceTeamsite</schemaname>
  </parentdefinitionid>
  <secretstore>0</secretstore>
  <type>100000004</type>
</environmentvariabledefinition>