<environmentvariabledefinition schemaname="pobvol_ServicevorgaengeE">
  <apiid>/providers/microsoft.powerapps/apis/shared_sharepointonline</apiid>
  <description default="Ersatzteile im Vorgang">
    <label description="Ersatzteile im Vorgang" languagecode="1031" />
  </description>
  <displayname default="ServicevorgaengeE">
    <label description="ServicevorgaengeE" languagecode="1031" />
  </displayname>
  <introducedversion>1.56</introducedversion>
  <iscustomizable>1</iscustomizable>
  <isrequired>0</isrequired>
  <parameterkey>table</parameterkey>
  <parentdefinitionid>
    <schemaname>pobvol_pssServiceTeamsite</schemaname>
  </parentdefinitionid>
  <secretstore>0</secretstore>
  <type>100000004</type>
</environmentvariabledefinition>