<environmentvariabledefinition schemaname="pobvol_Leistungsabrechnung">
  <apiid>/providers/microsoft.powerapps/apis/shared_sharepointonline</apiid>
  <description default="Alles für die Abrechnung">
    <label description="Alles für die Abrechnung" languagecode="1031" />
  </description>
  <displayname default="Leistungsabrechnung">
    <label description="Leistungsabrechnung" languagecode="1031" />
  </displayname>
  <introducedversion>1.20</introducedversion>
  <iscustomizable>1</iscustomizable>
  <isrequired>0</isrequired>
  <parameterkey>table</parameterkey>
  <parentdefinitionid>
    <schemaname>pobvol_pssServiceTeamsite</schemaname>
  </parentdefinitionid>
  <secretstore>0</secretstore>
  <type>100000004</type>
</environmentvariabledefinition>