<environmentvariabledefinition schemaname="pobvol_ServiceauftraegeP">
  <apiid>/providers/microsoft.powerapps/apis/shared_sharepointonline</apiid>
  <description default="Inventar zum Auftrag">
    <label description="Inventar zum Auftrag" languagecode="1031" />
  </description>
  <displayname default="ServiceauftraegeP">
    <label description="ServiceauftraegeP" languagecode="1031" />
  </displayname>
  <introducedversion>1.64</introducedversion>
  <iscustomizable>1</iscustomizable>
  <isrequired>0</isrequired>
  <parameterkey>table</parameterkey>
  <parentdefinitionid>
    <schemaname>pobvol_shared_sharepointonline_674cc35bbaa74bdd9774c9f9a7c59ff2</schemaname>
  </parentdefinitionid>
  <secretstore>0</secretstore>
  <type>100000004</type>
</environmentvariabledefinition>