<environmentvariabledefinition schemaname="pobvol_shared_sharepointonline_674cc35bbaa74bdd9774c9f9a7c59ff2">
  <apiid>/providers/microsoft.powerapps/apis/shared_sharepointonline</apiid>
  <defaultvalue>https://pobvol.sharepoint.com/sites/pssService</defaultvalue>
  <description default="hier eine Teamseite zuordnen">
    <label description="hier eine Teamseite zuordnen" languagecode="1031" />
  </description>
  <displayname default="EnvTeamseite">
    <label description="EnvTeamseite" languagecode="1031" />
  </displayname>
  <introducedversion>1.0.0.0</introducedversion>
  <iscustomizable>1</iscustomizable>
  <isrequired>0</isrequired>
  <parameterkey>dataset</parameterkey>
  <secretstore>0</secretstore>
  <type>100000004</type>
</environmentvariabledefinition>