<environmentvariabledefinition schemaname="pobvol_UVVTeamKalender">
  <apiid>/providers/microsoft.powerapps/apis/shared_sharepointonline</apiid>
  <description default="Zeiger auf die SharePoint-Liste UVVTeamKalender">
    <label description="Zeiger auf die SharePoint-Liste UVVTeamKalender" languagecode="1031" />
  </description>
  <displayname default="Serviceauftraege">
    <label description="Serviceauftraege" languagecode="1031" />
  </displayname>
  <introducedversion>1.0</introducedversion>
  <iscustomizable>1</iscustomizable>
  <isrequired>0</isrequired>
  <parameterkey>table</parameterkey>
  <parentdefinitionid>
    <schemaname>pobvol_pssServiceTeamsite</schemaname>
  </parentdefinitionid>
  <secretstore>0</secretstore>
  <type>100000004</type>
</environmentvariabledefinition>