<environmentvariabledefinition schemaname="pobvol_ServicevertraegeP">
  <apiid>/providers/microsoft.powerapps/apis/shared_sharepointonline</apiid>
  <description default="Services eines Vertrags">
    <label description="Services eines Vertrags" languagecode="1031" />
  </description>
  <displayname default="ServicevertraegeP">
    <label description="ServicevertraegeP" languagecode="1031" />
  </displayname>
  <introducedversion>1.20</introducedversion>
  <iscustomizable>1</iscustomizable>
  <isrequired>0</isrequired>
  <parameterkey>table</parameterkey>
  <parentdefinitionid>
    <schemaname>pobvol_pssServiceTeamsite</schemaname>
  </parentdefinitionid>
  <secretstore>0</secretstore>
  <type>100000004</type>
</environmentvariabledefinition>