<environmentvariabledefinition schemaname="pobvol_shared_sharepointonline_f7b59932fe464c11bb810a7e6aa5810b">
  <apiid>/providers/microsoft.powerapps/apis/shared_sharepointonline</apiid>
  <description default="Zeiger für die SharePoint-Bibliothek Dokumente">
    <label description="Zeiger für die SharePoint-Bibliothek Dokumente" languagecode="1031" />
  </description>
  <displayname default="Dokumente">
    <label description="Dokumente" languagecode="1031" />
  </displayname>
  <introducedversion>1.0.0.0</introducedversion>
  <iscustomizable>1</iscustomizable>
  <isrequired>0</isrequired>
  <parameterkey>table</parameterkey>
  <parentdefinitionid>
    <schemaname>pobvol_pssServiceTeamsite</schemaname>
  </parentdefinitionid>
  <secretstore>0</secretstore>
  <type>100000004</type>
</environmentvariabledefinition>