<ImportExportXml xmlns:xsi="http://www.w3.org/2001/XMLSchema-instance" OrganizationVersion="9.2.25084.173" OrganizationSchemaType="Standard" CRMServerServiceabilityVersion="9.2.25084.00176">
  <Entities></Entities>
  <Roles></Roles>
  <Workflows>
    <Workflow WorkflowId="{8bf9b373-7684-ee11-8179-0022488947ed}" Name="pobvol Service: GetDocumentRootFolder">
      <JsonFileName>/Workflows/pobvolServiceGetDocumentRootFolder-8BF9B373-7684-EE11-8179-0022488947ED.json</JsonFileName>
      <Type>1</Type>
      <Subprocess>0</Subprocess>
      <Category>5</Category>
      <Mode>0</Mode>
      <Scope>4</Scope>
      <OnDemand>0</OnDemand>
      <TriggerOnCreate>0</TriggerOnCreate>
      <TriggerOnDelete>0</TriggerOnDelete>
      <AsyncAutodelete>0</AsyncAutodelete>
      <SyncWorkflowLogOnFailure>0</SyncWorkflowLogOnFailure>
      <StateCode>1</StateCode>
      <StatusCode>2</StatusCode>
      <RunAs>1</RunAs>
      <IsTransacted>1</IsTransacted>
      <IntroducedVersion>1.0</IntroducedVersion>
      <IsCustomizable>1</IsCustomizable>
      <BusinessProcessType>0</BusinessProcessType>
      <IsCustomProcessingStepAllowedForOtherPublishers>1</IsCustomProcessingStepAllowedForOtherPublishers>
      <PrimaryEntity>none</PrimaryEntity>
      <LocalizedNames>
        <LocalizedName languagecode="1031" description="pobvol Service: GetDocumentRootFolder" />
      </LocalizedNames>
    </Workflow>
    <Workflow WorkflowId="{79916fcd-41f4-ef11-be1f-7c1e5274e1dc}" Name="pobvol Service: Create follow-up contracts">
      <JsonFileName>/Workflows/pobvolServiceCreatefollow-upcontracts-79916FCD-41F4-EF11-BE1F-7C1E5274E1DC.json</JsonFileName>
      <Type>1</Type>
      <Subprocess>0</Subprocess>
      <Category>5</Category>
      <Mode>0</Mode>
      <Scope>4</Scope>
      <OnDemand>0</OnDemand>
      <TriggerOnCreate>0</TriggerOnCreate>
      <TriggerOnDelete>0</TriggerOnDelete>
      <AsyncAutodelete>0</AsyncAutodelete>
      <SyncWorkflowLogOnFailure>0</SyncWorkflowLogOnFailure>
      <StateCode>1</StateCode>
      <StatusCode>2</StatusCode>
      <RunAs>1</RunAs>
      <IsTransacted>1</IsTransacted>
      <IntroducedVersion>1.36</IntroducedVersion>
      <IsCustomizable>1</IsCustomizable>
      <BusinessProcessType>0</BusinessProcessType>
      <IsCustomProcessingStepAllowedForOtherPublishers>1</IsCustomProcessingStepAllowedForOtherPublishers>
      <ModernFlowType>0</ModernFlowType>
      <PrimaryEntity>none</PrimaryEntity>
      <LocalizedNames>
        <LocalizedName languagecode="1031" description="pobvol Service: Create follow-up contracts" />
      </LocalizedNames>
    </Workflow>
    <Workflow WorkflowId="{f20e802a-2970-ef11-a670-7c1e524de4d9}" Name="pobvol Service: GetFileID">
      <JsonFileName>/Workflows/pobvolServiceGetFileID-F20E802A-2970-EF11-A670-7C1E524DE4D9.json</JsonFileName>
      <Type>1</Type>
      <Subprocess>0</Subprocess>
      <Category>5</Category>
      <Mode>0</Mode>
      <Scope>4</Scope>
      <OnDemand>0</OnDemand>
      <TriggerOnCreate>0</TriggerOnCreate>
      <TriggerOnDelete>0</TriggerOnDelete>
      <AsyncAutodelete>0</AsyncAutodelete>
      <SyncWorkflowLogOnFailure>0</SyncWorkflowLogOnFailure>
      <StateCode>1</StateCode>
      <StatusCode>2</StatusCode>
      <RunAs>1</RunAs>
      <IsTransacted>1</IsTransacted>
      <IntroducedVersion>1.0</IntroducedVersion>
      <IsCustomizable>1</IsCustomizable>
      <BusinessProcessType>0</BusinessProcessType>
      <IsCustomProcessingStepAllowedForOtherPublishers>1</IsCustomProcessingStepAllowedForOtherPublishers>
      <BillingContext>[{"id":"pobvol_pobvolservicephone_270f5","type":"UnifiedApp","metadata":{"displayName":"pobvol Service Phone"}},{"id":"pobvol_pobvolserviceboard_4507a","type":"UnifiedApp","metadata":{"displayName":"pobvol Service Board"}}]</BillingContext>
      <PrimaryEntity>none</PrimaryEntity>
      <LocalizedNames>
        <LocalizedName languagecode="1031" description="pobvol Service: GetFileID" />
      </LocalizedNames>
    </Workflow>
    <Workflow WorkflowId="{c7ad0531-0eab-ef11-b8e8-6045bd920532}" Name="pobvol Service: GetPDFs">
      <JsonFileName>/Workflows/pobvolServiceGetPDFs-C7AD0531-0EAB-EF11-B8E8-6045BD920532.json</JsonFileName>
      <Type>1</Type>
      <Subprocess>0</Subprocess>
      <Category>5</Category>
      <Mode>0</Mode>
      <Scope>4</Scope>
      <OnDemand>0</OnDemand>
      <TriggerOnCreate>0</TriggerOnCreate>
      <TriggerOnDelete>0</TriggerOnDelete>
      <AsyncAutodelete>0</AsyncAutodelete>
      <SyncWorkflowLogOnFailure>0</SyncWorkflowLogOnFailure>
      <StateCode>1</StateCode>
      <StatusCode>2</StatusCode>
      <RunAs>1</RunAs>
      <IsTransacted>1</IsTransacted>
      <IntroducedVersion>1.18</IntroducedVersion>
      <IsCustomizable>1</IsCustomizable>
      <BusinessProcessType>0</BusinessProcessType>
      <IsCustomProcessingStepAllowedForOtherPublishers>1</IsCustomProcessingStepAllowedForOtherPublishers>
      <PrimaryEntity>none</PrimaryEntity>
      <LocalizedNames>
        <LocalizedName languagecode="1031" description="pobvol Service: GetPDFs" />
      </LocalizedNames>
    </Workflow>
    <Workflow WorkflowId="{6ebecaa4-af87-ef11-ac20-6045bd920532}" Name="pobvol Service: GetTeam v2">
      <JsonFileName>/Workflows/pobvolServiceGetTeamv2-6EBECAA4-AF87-EF11-AC20-6045BD920532.json</JsonFileName>
      <Type>1</Type>
      <Subprocess>0</Subprocess>
      <Category>5</Category>
      <Mode>0</Mode>
      <Scope>4</Scope>
      <OnDemand>0</OnDemand>
      <TriggerOnCreate>0</TriggerOnCreate>
      <TriggerOnDelete>0</TriggerOnDelete>
      <AsyncAutodelete>0</AsyncAutodelete>
      <SyncWorkflowLogOnFailure>0</SyncWorkflowLogOnFailure>
      <StateCode>1</StateCode>
      <StatusCode>2</StatusCode>
      <RunAs>1</RunAs>
      <IsTransacted>1</IsTransacted>
      <IntroducedVersion>1.15</IntroducedVersion>
      <IsCustomizable>1</IsCustomizable>
      <BusinessProcessType>0</BusinessProcessType>
      <IsCustomProcessingStepAllowedForOtherPublishers>1</IsCustomProcessingStepAllowedForOtherPublishers>
      <BillingContext>[{"id":"pobvol_pobvolservicephone_270f5","type":"UnifiedApp","metadata":{"displayName":"pobvol Service Phone"}},{"id":"pobvol_pobvolserviceboard_4507a","type":"UnifiedApp","metadata":{"displayName":"pobvol Service Board"}}]</BillingContext>
      <PrimaryEntity>none</PrimaryEntity>
      <LocalizedNames>
        <LocalizedName languagecode="1031" description="pobvol Service: GetTeam v2" />
      </LocalizedNames>
    </Workflow>
    <Workflow WorkflowId="{e9e4f580-7307-ed11-82e5-6045bd8855e7}" Name="pobvol Service: Delete File">
      <JsonFileName>/Workflows/pobvolServiceDeleteFile-E9E4F580-7307-ED11-82E5-6045BD8855E7.json</JsonFileName>
      <Type>1</Type>
      <Subprocess>0</Subprocess>
      <Category>5</Category>
      <Mode>0</Mode>
      <Scope>4</Scope>
      <OnDemand>0</OnDemand>
      <TriggerOnCreate>0</TriggerOnCreate>
      <TriggerOnDelete>0</TriggerOnDelete>
      <AsyncAutodelete>0</AsyncAutodelete>
      <SyncWorkflowLogOnFailure>0</SyncWorkflowLogOnFailure>
      <StateCode>1</StateCode>
      <StatusCode>2</StatusCode>
      <RunAs>1</RunAs>
      <IsTransacted>1</IsTransacted>
      <IntroducedVersion>1.0</IntroducedVersion>
      <IsCustomizable>1</IsCustomizable>
      <BusinessProcessType>0</BusinessProcessType>
      <IsCustomProcessingStepAllowedForOtherPublishers>1</IsCustomProcessingStepAllowedForOtherPublishers>
      <PrimaryEntity>none</PrimaryEntity>
      <LocalizedNames>
        <LocalizedName languagecode="1031" description="pobvol Service: Delete File" />
      </LocalizedNames>
    </Workflow>
    <Workflow WorkflowId="{e8e4f580-7307-ed11-82e5-6045bd8855e7}" Name="pobvol Service: Create file">
      <JsonFileName>/Workflows/pobvolServiceCreatefile-E8E4F580-7307-ED11-82E5-6045BD8855E7.json</JsonFileName>
      <Type>1</Type>
      <Subprocess>0</Subprocess>
      <Category>5</Category>
      <Mode>0</Mode>
      <Scope>4</Scope>
      <OnDemand>0</OnDemand>
      <TriggerOnCreate>0</TriggerOnCreate>
      <TriggerOnDelete>0</TriggerOnDelete>
      <AsyncAutodelete>0</AsyncAutodelete>
      <SyncWorkflowLogOnFailure>0</SyncWorkflowLogOnFailure>
      <StateCode>1</StateCode>
      <StatusCode>2</StatusCode>
      <RunAs>1</RunAs>
      <IsTransacted>1</IsTransacted>
      <IntroducedVersion>1.0</IntroducedVersion>
      <IsCustomizable>1</IsCustomizable>
      <BusinessProcessType>0</BusinessProcessType>
      <IsCustomProcessingStepAllowedForOtherPublishers>1</IsCustomProcessingStepAllowedForOtherPublishers>
      <PrimaryEntity>none</PrimaryEntity>
      <LocalizedNames>
        <LocalizedName languagecode="1031" description="pobvol Service: Create file" />
      </LocalizedNames>
    </Workflow>
    <Workflow WorkflowId="{e7e4f580-7307-ed11-82e5-6045bd8855e7}" Name="pobvol Service: GetFile">
      <JsonFileName>/Workflows/pobvolServiceGetFile-E7E4F580-7307-ED11-82E5-6045BD8855E7.json</JsonFileName>
      <Type>1</Type>
      <Subprocess>0</Subprocess>
      <Category>5</Category>
      <Mode>0</Mode>
      <Scope>4</Scope>
      <OnDemand>0</OnDemand>
      <TriggerOnCreate>0</TriggerOnCreate>
      <TriggerOnDelete>0</TriggerOnDelete>
      <AsyncAutodelete>0</AsyncAutodelete>
      <SyncWorkflowLogOnFailure>0</SyncWorkflowLogOnFailure>
      <StateCode>1</StateCode>
      <StatusCode>2</StatusCode>
      <RunAs>1</RunAs>
      <IsTransacted>1</IsTransacted>
      <IntroducedVersion>1.0</IntroducedVersion>
      <IsCustomizable>1</IsCustomizable>
      <BusinessProcessType>0</BusinessProcessType>
      <IsCustomProcessingStepAllowedForOtherPublishers>1</IsCustomProcessingStepAllowedForOtherPublishers>
      <PrimaryEntity>none</PrimaryEntity>
      <LocalizedNames>
        <LocalizedName languagecode="1031" description="pobvol Service: GetFile" />
      </LocalizedNames>
    </Workflow>
    <Workflow WorkflowId="{c5fc769a-6f07-ed11-82e5-6045bd8855e7}" Name="pobvol Service: Create picture from service operations">
      <JsonFileName>/Workflows/pobvolServiceCreatepicturefromserviceoperations-C5FC769A-6F07-ED11-82E5-6045BD8855E7.json</JsonFileName>
      <Type>1</Type>
      <Subprocess>0</Subprocess>
      <Category>5</Category>
      <Mode>0</Mode>
      <Scope>4</Scope>
      <OnDemand>0</OnDemand>
      <TriggerOnCreate>0</TriggerOnCreate>
      <TriggerOnDelete>0</TriggerOnDelete>
      <AsyncAutodelete>0</AsyncAutodelete>
      <SyncWorkflowLogOnFailure>0</SyncWorkflowLogOnFailure>
      <StateCode>1</StateCode>
      <StatusCode>2</StatusCode>
      <RunAs>1</RunAs>
      <IsTransacted>1</IsTransacted>
      <IntroducedVersion>1.0</IntroducedVersion>
      <IsCustomizable>1</IsCustomizable>
      <BusinessProcessType>0</BusinessProcessType>
      <IsCustomProcessingStepAllowedForOtherPublishers>1</IsCustomProcessingStepAllowedForOtherPublishers>
      <PrimaryEntity>none</PrimaryEntity>
      <LocalizedNames>
        <LocalizedName languagecode="1031" description="pobvol Service: Create picture from service operations" />
      </LocalizedNames>
    </Workflow>
    <Workflow WorkflowId="{194a0b55-6a07-ed11-82e5-6045bd8855e7}" Name="pobvol Service: Send Email to user for new service report">
      <JsonFileName>/Workflows/pobvolServiceSendEmailtouserfornewservicereport-194A0B55-6A07-ED11-82E5-6045BD8855E7.json</JsonFileName>
      <Type>1</Type>
      <Subprocess>0</Subprocess>
      <Category>5</Category>
      <Mode>0</Mode>
      <Scope>4</Scope>
      <OnDemand>0</OnDemand>
      <TriggerOnCreate>0</TriggerOnCreate>
      <TriggerOnDelete>0</TriggerOnDelete>
      <AsyncAutodelete>0</AsyncAutodelete>
      <SyncWorkflowLogOnFailure>0</SyncWorkflowLogOnFailure>
      <StateCode>1</StateCode>
      <StatusCode>2</StatusCode>
      <RunAs>1</RunAs>
      <IsTransacted>1</IsTransacted>
      <IntroducedVersion>1.0</IntroducedVersion>
      <IsCustomizable>1</IsCustomizable>
      <BusinessProcessType>0</BusinessProcessType>
      <IsCustomProcessingStepAllowedForOtherPublishers>1</IsCustomProcessingStepAllowedForOtherPublishers>
      <PrimaryEntity>none</PrimaryEntity>
      <LocalizedNames>
        <LocalizedName languagecode="1031" description="pobvol Service: Send Email to user for new service report" />
      </LocalizedNames>
    </Workflow>
    <Workflow WorkflowId="{2c0f1e8e-1ae6-ef11-be20-6045bd87e8b9}" Name="pobvol Service: Archive Servicevorgaenge">
      <JsonFileName>/Workflows/pobvolServiceArchiveServicevorgaenge-2C0F1E8E-1AE6-EF11-BE20-6045BD87E8B9.json</JsonFileName>
      <Type>1</Type>
      <Subprocess>0</Subprocess>
      <Category>5</Category>
      <Mode>0</Mode>
      <Scope>4</Scope>
      <OnDemand>0</OnDemand>
      <TriggerOnCreate>0</TriggerOnCreate>
      <TriggerOnDelete>0</TriggerOnDelete>
      <AsyncAutodelete>0</AsyncAutodelete>
      <SyncWorkflowLogOnFailure>0</SyncWorkflowLogOnFailure>
      <StateCode>0</StateCode>
      <StatusCode>1</StatusCode>
      <RunAs>1</RunAs>
      <IsTransacted>1</IsTransacted>
      <IntroducedVersion>1.20</IntroducedVersion>
      <IsCustomizable>1</IsCustomizable>
      <BusinessProcessType>0</BusinessProcessType>
      <IsCustomProcessingStepAllowedForOtherPublishers>1</IsCustomProcessingStepAllowedForOtherPublishers>
      <PrimaryEntity>none</PrimaryEntity>
      <LocalizedNames>
        <LocalizedName languagecode="1031" description="pobvol Service: Archive Servicevorgaenge" />
      </LocalizedNames>
    </Workflow>
    <Workflow WorkflowId="{d55497e1-fce5-ef11-be20-6045bd87e8b9}" Name="pobvol Service: Archive Serviceauftraege">
      <JsonFileName>/Workflows/pobvolServiceArchiveServiceauftraege-D55497E1-FCE5-EF11-BE20-6045BD87E8B9.json</JsonFileName>
      <Type>1</Type>
      <Subprocess>0</Subprocess>
      <Category>5</Category>
      <Mode>0</Mode>
      <Scope>4</Scope>
      <OnDemand>0</OnDemand>
      <TriggerOnCreate>0</TriggerOnCreate>
      <TriggerOnDelete>0</TriggerOnDelete>
      <AsyncAutodelete>0</AsyncAutodelete>
      <SyncWorkflowLogOnFailure>0</SyncWorkflowLogOnFailure>
      <StateCode>0</StateCode>
      <StatusCode>1</StatusCode>
      <RunAs>1</RunAs>
      <IsTransacted>1</IsTransacted>
      <IntroducedVersion>1.20</IntroducedVersion>
      <IsCustomizable>1</IsCustomizable>
      <BusinessProcessType>0</BusinessProcessType>
      <IsCustomProcessingStepAllowedForOtherPublishers>1</IsCustomProcessingStepAllowedForOtherPublishers>
      <PrimaryEntity>none</PrimaryEntity>
      <LocalizedNames>
        <LocalizedName languagecode="1031" description="pobvol Service: Archive Serviceauftraege" />
      </LocalizedNames>
    </Workflow>
    <Workflow WorkflowId="{e7719bbb-d238-ed11-9db1-000d3abcde23}" Name="pobvol Service: Archive Serviceberichte">
      <JsonFileName>/Workflows/pobvolServiceArchiveServiceberichte-E7719BBB-D238-ED11-9DB1-000D3ABCDE23.json</JsonFileName>
      <Type>1</Type>
      <Subprocess>0</Subprocess>
      <Category>5</Category>
      <Mode>0</Mode>
      <Scope>4</Scope>
      <OnDemand>0</OnDemand>
      <TriggerOnCreate>0</TriggerOnCreate>
      <TriggerOnDelete>0</TriggerOnDelete>
      <AsyncAutodelete>0</AsyncAutodelete>
      <SyncWorkflowLogOnFailure>0</SyncWorkflowLogOnFailure>
      <StateCode>1</StateCode>
      <StatusCode>2</StatusCode>
      <RunAs>1</RunAs>
      <IsTransacted>1</IsTransacted>
      <IntroducedVersion>1.1</IntroducedVersion>
      <IsCustomizable>1</IsCustomizable>
      <BusinessProcessType>0</BusinessProcessType>
      <IsCustomProcessingStepAllowedForOtherPublishers>1</IsCustomProcessingStepAllowedForOtherPublishers>
      <PrimaryEntity>none</PrimaryEntity>
      <LocalizedNames>
        <LocalizedName languagecode="1031" description="pobvol Service: Archive Serviceberichte" />
      </LocalizedNames>
    </Workflow>
    <Workflow WorkflowId="{ccee7a95-d4b9-ed11-83ff-000d3abcde23}" Name="pobvol Service: Send Email for approved service report">
      <JsonFileName>/Workflows/pobvolServiceSendEmailforapprovedservicereport-CCEE7A95-D4B9-ED11-83FF-000D3ABCDE23.json</JsonFileName>
      <Type>1</Type>
      <Subprocess>0</Subprocess>
      <Category>5</Category>
      <Mode>0</Mode>
      <Scope>4</Scope>
      <OnDemand>0</OnDemand>
      <TriggerOnCreate>0</TriggerOnCreate>
      <TriggerOnDelete>0</TriggerOnDelete>
      <AsyncAutodelete>0</AsyncAutodelete>
      <SyncWorkflowLogOnFailure>0</SyncWorkflowLogOnFailure>
      <StateCode>1</StateCode>
      <StatusCode>2</StatusCode>
      <RunAs>1</RunAs>
      <IsTransacted>1</IsTransacted>
      <IntroducedVersion>1.0</IntroducedVersion>
      <IsCustomizable>1</IsCustomizable>
      <BusinessProcessType>0</BusinessProcessType>
      <IsCustomProcessingStepAllowedForOtherPublishers>1</IsCustomProcessingStepAllowedForOtherPublishers>
      <PrimaryEntity>none</PrimaryEntity>
      <LocalizedNames>
        <LocalizedName languagecode="1031" description="pobvol Service: Send Email for approved service report" />
      </LocalizedNames>
    </Workflow>
    <Workflow WorkflowId="{a2e466e2-0fb9-ed11-83ff-000d3abcde23}" Name="pobvol Service: Create service reports">
      <JsonFileName>/Workflows/pobvolServiceCreateservicereports-A2E466E2-0FB9-ED11-83FF-000D3ABCDE23.json</JsonFileName>
      <Type>1</Type>
      <Subprocess>0</Subprocess>
      <Category>5</Category>
      <Mode>0</Mode>
      <Scope>4</Scope>
      <OnDemand>0</OnDemand>
      <TriggerOnCreate>0</TriggerOnCreate>
      <TriggerOnDelete>0</TriggerOnDelete>
      <AsyncAutodelete>0</AsyncAutodelete>
      <SyncWorkflowLogOnFailure>0</SyncWorkflowLogOnFailure>
      <StateCode>0</StateCode>
      <StatusCode>1</StatusCode>
      <RunAs>1</RunAs>
      <IsTransacted>1</IsTransacted>
      <IntroducedVersion>1.0</IntroducedVersion>
      <IsCustomizable>1</IsCustomizable>
      <BusinessProcessType>0</BusinessProcessType>
      <IsCustomProcessingStepAllowedForOtherPublishers>1</IsCustomProcessingStepAllowedForOtherPublishers>
      <PrimaryEntity>none</PrimaryEntity>
      <LocalizedNames>
        <LocalizedName languagecode="1031" description="pobvol Service: Create service reports" />
      </LocalizedNames>
    </Workflow>
    <Workflow WorkflowId="{6ccd5dee-f582-ef11-ac20-000d3a4642da}" Name="pobvol Service: Add customers data to new entry in Servicevorgaenge">
      <JsonFileName>/Workflows/pobvolServiceAddcustomersdatatonewentryinServicevo-6CCD5DEE-F582-EF11-AC20-000D3A4642DA.json</JsonFileName>
      <Type>1</Type>
      <Subprocess>0</Subprocess>
      <Category>5</Category>
      <Mode>0</Mode>
      <Scope>4</Scope>
      <OnDemand>0</OnDemand>
      <TriggerOnCreate>0</TriggerOnCreate>
      <TriggerOnDelete>0</TriggerOnDelete>
      <AsyncAutodelete>0</AsyncAutodelete>
      <SyncWorkflowLogOnFailure>0</SyncWorkflowLogOnFailure>
      <StateCode>1</StateCode>
      <StatusCode>2</StatusCode>
      <RunAs>1</RunAs>
      <IsTransacted>1</IsTransacted>
      <IntroducedVersion>1.14</IntroducedVersion>
      <IsCustomizable>1</IsCustomizable>
      <BusinessProcessType>0</BusinessProcessType>
      <IsCustomProcessingStepAllowedForOtherPublishers>1</IsCustomProcessingStepAllowedForOtherPublishers>
      <PrimaryEntity>none</PrimaryEntity>
      <LocalizedNames>
        <LocalizedName languagecode="1031" description="pobvol Service: Add customers data to new entry in Servicevorgaenge" />
      </LocalizedNames>
    </Workflow>
    <Workflow WorkflowId="{c0c12146-6a52-f011-877b-000d3a28d740}" Name="pobvol Service: Study Print DIN A4 page v1.0">
      <JsonFileName>/Workflows/pobvolServiceStudyPrintDINA4pagev10-C0C12146-6A52-F011-877B-000D3A28D740.json</JsonFileName>
      <Type>1</Type>
      <Subprocess>0</Subprocess>
      <Category>5</Category>
      <Mode>0</Mode>
      <Scope>4</Scope>
      <OnDemand>0</OnDemand>
      <TriggerOnCreate>0</TriggerOnCreate>
      <TriggerOnDelete>0</TriggerOnDelete>
      <AsyncAutodelete>0</AsyncAutodelete>
      <SyncWorkflowLogOnFailure>0</SyncWorkflowLogOnFailure>
      <StateCode>1</StateCode>
      <StatusCode>2</StatusCode>
      <RunAs>1</RunAs>
      <IsTransacted>1</IsTransacted>
      <IntroducedVersion>1.0.0.0</IntroducedVersion>
      <IsCustomizable>1</IsCustomizable>
      <BusinessProcessType>0</BusinessProcessType>
      <IsCustomProcessingStepAllowedForOtherPublishers>1</IsCustomProcessingStepAllowedForOtherPublishers>
      <ModernFlowType>0</ModernFlowType>
      <PrimaryEntity>none</PrimaryEntity>
      <LocalizedNames>
        <LocalizedName languagecode="1031" description="pobvol Service: Study Print DIN A4 page v1.0" />
      </LocalizedNames>
    </Workflow>
    <Workflow WorkflowId="{4c08ecc4-5e4f-f011-877b-000d3a28d740}" Name="pobvol Service: Vorgang gesendet">
      <JsonFileName>/Workflows/pobvolServiceVorganggesendet-4C08ECC4-5E4F-F011-877B-000D3A28D740.json</JsonFileName>
      <Type>1</Type>
      <Subprocess>0</Subprocess>
      <Category>5</Category>
      <Mode>0</Mode>
      <Scope>4</Scope>
      <OnDemand>0</OnDemand>
      <TriggerOnCreate>0</TriggerOnCreate>
      <TriggerOnDelete>0</TriggerOnDelete>
      <AsyncAutodelete>0</AsyncAutodelete>
      <SyncWorkflowLogOnFailure>0</SyncWorkflowLogOnFailure>
      <StateCode>1</StateCode>
      <StatusCode>2</StatusCode>
      <RunAs>1</RunAs>
      <IsTransacted>1</IsTransacted>
      <IntroducedVersion>1.0.0.0</IntroducedVersion>
      <IsCustomizable>1</IsCustomizable>
      <BusinessProcessType>0</BusinessProcessType>
      <IsCustomProcessingStepAllowedForOtherPublishers>1</IsCustomProcessingStepAllowedForOtherPublishers>
      <ModernFlowType>0</ModernFlowType>
      <PrimaryEntity>none</PrimaryEntity>
      <LocalizedNames>
        <LocalizedName languagecode="1031" description="pobvol Service: Vorgang gesendet" />
      </LocalizedNames>
    </Workflow>
    <Workflow WorkflowId="{25d20990-4b4c-f011-877a-000d3a28d740}" Name="pobvol Service: Create service report v3">
      <JsonFileName>/Workflows/pobvolServiceCreateservicereportv3-25D20990-4B4C-F011-877A-000D3A28D740.json</JsonFileName>
      <Type>1</Type>
      <Subprocess>0</Subprocess>
      <Category>5</Category>
      <Mode>0</Mode>
      <Scope>4</Scope>
      <OnDemand>0</OnDemand>
      <TriggerOnCreate>0</TriggerOnCreate>
      <TriggerOnDelete>0</TriggerOnDelete>
      <AsyncAutodelete>0</AsyncAutodelete>
      <SyncWorkflowLogOnFailure>0</SyncWorkflowLogOnFailure>
      <StateCode>1</StateCode>
      <StatusCode>2</StatusCode>
      <RunAs>1</RunAs>
      <IsTransacted>1</IsTransacted>
      <IntroducedVersion>1.0.0.0</IntroducedVersion>
      <IsCustomizable>1</IsCustomizable>
      <BusinessProcessType>0</BusinessProcessType>
      <IsCustomProcessingStepAllowedForOtherPublishers>1</IsCustomProcessingStepAllowedForOtherPublishers>
      <ModernFlowType>0</ModernFlowType>
      <PrimaryEntity>none</PrimaryEntity>
      <LocalizedNames>
        <LocalizedName languagecode="1031" description="pobvol Service: Create service report v3" />
      </LocalizedNames>
    </Workflow>
    <Workflow WorkflowId="{ebdd9e76-d345-f011-877a-000d3a28d740}" Name="pobvol Service:GetListsV3">
      <JsonFileName>/Workflows/pobvolServiceGetListsV3-EBDD9E76-D345-F011-877A-000D3A28D740.json</JsonFileName>
      <Type>1</Type>
      <Subprocess>0</Subprocess>
      <Category>5</Category>
      <Mode>0</Mode>
      <Scope>4</Scope>
      <OnDemand>0</OnDemand>
      <TriggerOnCreate>0</TriggerOnCreate>
      <TriggerOnDelete>0</TriggerOnDelete>
      <AsyncAutodelete>0</AsyncAutodelete>
      <SyncWorkflowLogOnFailure>0</SyncWorkflowLogOnFailure>
      <StateCode>1</StateCode>
      <StatusCode>2</StatusCode>
      <RunAs>1</RunAs>
      <IsTransacted>1</IsTransacted>
      <IntroducedVersion>1.0.0.0</IntroducedVersion>
      <IsCustomizable>1</IsCustomizable>
      <BusinessProcessType>0</BusinessProcessType>
      <IsCustomProcessingStepAllowedForOtherPublishers>1</IsCustomProcessingStepAllowedForOtherPublishers>
      <ModernFlowType>0</ModernFlowType>
      <PrimaryEntity>none</PrimaryEntity>
      <LocalizedNames>
        <LocalizedName languagecode="1031" description="pobvol Service:GetListsV3" />
      </LocalizedNames>
    </Workflow>
  </Workflows>
  <FieldSecurityProfiles></FieldSecurityProfiles>
  <Templates />
  <EntityMaps />
  <EntityRelationships />
  <OrganizationSettings />
  <optionsets />
  <CustomControls />
  <EntityDataProviders />
  <CanvasApps>
    <CanvasApp>
      <Name>pobvol_pobvolservicephone_270f5</Name>
      <AppVersion>2025-09-18T13:08:25Z</AppVersion>
      <Status>Ready</Status>
      <CreatedByClientVersion>3.25092.9.0</CreatedByClientVersion>
      <MinClientVersion>3.25092.9.0</MinClientVersion>
      <Tags>{"primaryDeviceWidth":"640","primaryDeviceHeight":"1136","sienaVersion":"20250916T081731Z-3.25091.7.0","deviceCapabilities":"webcam","supportsPortrait":"true","supportsLandscape":"false","primaryFormFactor":"Phone","publisherVersion":"3.25092.9","minimumRequiredApiVersion":"2.2.0","hasComponent":"false","hasUnlockedComponent":"false","isUnifiedRootApp":"false","showStatusBar":"true","offlineLargeFilesSupport":"false"}</Tags>
      <IsCdsUpgraded>0</IsCdsUpgraded>
      <GalleryItemId xsi:nil="true"></GalleryItemId>
      <BackgroundColor>rgba(215, 223, 240, 1)</BackgroundColor>
      <DisplayName>pssServicePhone</DisplayName>
      <Description>This app is part of the software solution 'pobvol Service Solution' and helps to document service activities on mobile devices. 

The solution is Free Software, delivered as open source. 

You can download, install, operate, modify and redistribute it under the terms of the GNU General Public License, as published by the Free Software Foundation, version 3 of the license or any later version. Contributions to improve it are welcome. The solution is distributed in the hope that it will be useful, but WITHOUT ANY WARRANTY; without even the implied warranty of MERCHANTABILITY or FITNESS FOR A PARTICULAR PURPOSE. See the GNU General Public License for more details. You should receive a copy of the GNU General Public License along with the solution. If not, see &lt;http://www.gnu.org/licenses/&gt;.

Copyright © 2025 Volker Pobloth
66292 Riegelsberg, Germany
mailto:kontakt@pobvol.com</Description>
      <CommitMessage xsi:nil="true"></CommitMessage>
      <Publisher xsi:nil="true"></Publisher>
      <AuthorizationReferences>[]</AuthorizationReferences>
      <ConnectionReferences>{"1ae914f6-fb97-4c32-94b5-a952ee82014b":{"id":"/providers/microsoft.powerapps/apis/shared_logicflows","displayName":"Logic flows","iconUri":"https://conn-afd-prod-endpoint-bmc9bqahasf3grgk.b01.azurefd.net/v1.0.1766/1.0.1766.4330/logicflows/icon.png","dataSources":["pobvolService:GetTeamv2"],"dependencies":[],"dependents":[],"parameterHints":{"workflowName":{"value":"7fea130e-d517-449e-9a4e-5d6bff328d72"},"workflowEntityId":{"value":"6ebecaa4-af87-ef11-ac20-6045bd920532"},"workflowDisplayName":{"value":"pobvol Service: GetTeam v2"}},"parameterHintsV2":{"workflowName":{"value":"7fea130e-d517-449e-9a4e-5d6bff328d72"},"workflowEntityId":{"value":"6ebecaa4-af87-ef11-ac20-6045bd920532"},"workflowDisplayName":{"value":"pobvol Service: GetTeam v2"}},"isOnPremiseConnection":false,"bypassConsent":true,"dataSets":{},"apiTier":"Standard","actions":["Run"]},"1a69d426-f6a2-4aab-b8f1-d29f4d0da4ce":{"id":"/providers/microsoft.powerapps/apis/shared_logicflows","displayName":"Logic flows","iconUri":"https://conn-afd-prod-endpoint-bmc9bqahasf3grgk.b01.azurefd.net/v1.0.1766/1.0.1766.4330/logicflows/icon.png","dataSources":["pobvolService:GetFile"],"dependencies":["f0492b2b-80cf-4abf-9ca7-de6293855c5a"],"dependents":[],"parameterHints":{"workflowName":{"value":"cdd6f59c-ee36-40f8-9410-9b41a15f3d53"},"workflowEntityId":{"value":"e7e4f580-7307-ed11-82e5-6045bd8855e7"},"workflowDisplayName":{"value":"pobvol Service: GetFile"},"f0492b2b-80cf-4abf-9ca7-de6293855c5a":{"value":"shared_sharepointonline_1"}},"parameterHintsV2":{"workflowName":{"value":"cdd6f59c-ee36-40f8-9410-9b41a15f3d53"},"workflowEntityId":{"value":"e7e4f580-7307-ed11-82e5-6045bd8855e7"},"workflowDisplayName":{"value":"pobvol Service: GetFile"},"shared_sharepointonline_1":{"value":"f0492b2b-80cf-4abf-9ca7-de6293855c5a"}},"isOnPremiseConnection":false,"bypassConsent":true,"dataSets":{},"apiTier":"Standard","actions":["Run"]},"f0492b2b-80cf-4abf-9ca7-de6293855c5a":{"id":"/providers/microsoft.powerapps/apis/shared_sharepointonline","displayName":"SharePoint","iconUri":"https://conn-afd-prod-endpoint-bmc9bqahasf3grgk.b01.azurefd.net/v1.0.1762/1.0.1762.4298/sharepointonline/icon.png","dataSources":["Servicekunden","UVVKundenInventarliste","UVVBerichteArchiv","Fahrtbericht","ServicevorgaengeP","Serviceauftraege","Einstellungen","BevorzugteSprachen","ArchivServiceberichte","Servicevorgaenge","Kundeninventar","Bilder","Checklisten","ArchivServicevorgaenge","EinstellungenBenutzer","Artikel","Servicevorgaenge_1","ServicevorgaengeE","Serviceberichte","Leistungsabrechnung","ServiceauftraegeP"],"dependencies":[],"dependents":["1a69d426-f6a2-4aab-b8f1-d29f4d0da4ce","76eba8e0-e480-4bfa-b44f-d431ad6e75ae","9bf31c26-78a9-4930-9555-026c8738c374"],"parameterHints":{},"parameterHintsV2":{},"isOnPremiseConnection":false,"bypassConsent":true,"dataSets":{"https://pobvol.sharepoint.com/sites/pssService_pobvol_shared_sharepointonline_674cc35bbaa74bdd9774c9f9a7c59ff2":{"datasetOverride":{"name":"https://pobvol.sharepoint.com/sites/pssService","environmentVariableName":"pobvol_shared_sharepointonline_674cc35bbaa74bdd9774c9f9a7c59ff2"},"dataSources":{"Serviceauftraege":{"tableName":"d511525f-eeae-482b-8a71-e4f0754eb4d0","tableNameOverride":{"name":"d511525f-eeae-482b-8a71-e4f0754eb4d0","environmentVariableName":"pobvol_UVVTeamKalender"}},"Einstellungen":{"tableName":"a63eb858-2182-4293-9423-623e1f0752b8","tableNameOverride":{"name":"a63eb858-2182-4293-9423-623e1f0752b8","environmentVariableName":"pobvol_UVVSystemSettings"}},"BevorzugteSprachen":{"tableName":"2968d988-5912-4f7e-bb74-e9143ba5108b","tableNameOverride":{"name":"2968d988-5912-4f7e-bb74-e9143ba5108b","environmentVariableName":"pobvol_BevorzugteSprachen"}},"ArchivServiceberichte":{"tableName":"21662b94-4d71-4fe8-9573-2dc91a5d7157","tableNameOverride":{"name":"21662b94-4d71-4fe8-9573-2dc91a5d7157","environmentVariableName":"pobvol_UVVBerichteArchiv"}},"Servicevorgaenge":{"tableName":"5eec20f3-c8a6-4aae-9db8-1cedaff60eed","tableNameOverride":{"name":"5eec20f3-c8a6-4aae-9db8-1cedaff60eed","environmentVariableName":"pobvol_shared_sharepointonline_fbaeddd2ed124d13a8aa0b54818e452b"}},"Kundeninventar":{"tableName":"128569c1-e914-4941-bb72-f23efc6b11e5","tableNameOverride":{"name":"128569c1-e914-4941-bb72-f23efc6b11e5","environmentVariableName":"pobvol_shared_sharepointonline_ced903bad30d4391882d43607ff8c0db"}},"ServicevorgaengeP":{"tableName":"d97d18d5-80cf-493d-aa73-f3cf4301ca51","tableNameOverride":{"name":"d97d18d5-80cf-493d-aa73-f3cf4301ca51","environmentVariableName":"pobvol_ServicevorgaengeP"}},"Servicekunden":{"tableName":"305b6341-5bc6-4bfe-86aa-44dc4fddb6d1","tableNameOverride":{"name":"305b6341-5bc6-4bfe-86aa-44dc4fddb6d1","environmentVariableName":"pobvol_shared_sharepointonline_19e9c73788c14d0aa8e0343b24c71ec4"}},"Bilder":{"tableName":"ab8f15f4-db02-460d-b39f-87c372863740","tableNameOverride":{"name":"ab8f15f4-db02-460d-b39f-87c372863740","environmentVariableName":"pobvol_UVVImages"}},"Fahrtbericht":{"tableName":"b8cdc9d6-0ce5-443e-b47c-4352b06af702","tableNameOverride":{"name":"b8cdc9d6-0ce5-443e-b47c-4352b06af702","environmentVariableName":"pobvol_Fahrtbericht"}},"Checklisten":{"tableName":"fcb389d2-c535-47a4-b98a-c67ca8266357","tableNameOverride":{"name":"fcb389d2-c535-47a4-b98a-c67ca8266357","environmentVariableName":"pobvol_UVVBauteile"}},"ArchivServicevorgaenge":{"tableName":"f17bff3d-1865-4997-b30d-0e30b40f93a9","tableNameOverride":{"name":"f17bff3d-1865-4997-b30d-0e30b40f93a9","environmentVariableName":"pobvol_ArchivUVVDataCollector"}},"EinstellungenBenutzer":{"tableName":"21b3f998-9955-4942-bd75-c676f5ea5c9f","tableNameOverride":{"name":"21b3f998-9955-4942-bd75-c676f5ea5c9f","environmentVariableName":"pobvol_EinstellungenBenutzer"}},"Artikel":{"tableName":"d9e20c3c-f9c1-4a87-b3bb-9be239397a07","tableNameOverride":{"name":"d9e20c3c-f9c1-4a87-b3bb-9be239397a07","environmentVariableName":"pobvol_Artikel"}},"Leistungsabrechnung":{"tableName":"95bf05ed-c9b5-4327-8530-60b8e7cbc834","tableNameOverride":{"name":"95bf05ed-c9b5-4327-8530-60b8e7cbc834","environmentVariableName":"pobvol_Leistungsabrechnung"}},"ServiceauftraegeP":{"tableName":"d545c62b-c4b7-4d40-95cb-ed701f7887cf","tableNameOverride":{"name":"d545c62b-c4b7-4d40-95cb-ed701f7887cf","environmentVariableName":"pobvol_ServiceauftraegeP"}}}},"https://pobvol.sharepoint.com/sites/pssService_pobvol_pssServiceTeamsite":{"datasetOverride":{"name":"https://pobvol.sharepoint.com/sites/pssService","environmentVariableName":"pobvol_pssServiceTeamsite"},"dataSources":{"Servicevorgaenge_1":{"tableName":"5eec20f3-c8a6-4aae-9db8-1cedaff60eed","tableNameOverride":{"name":"5eec20f3-c8a6-4aae-9db8-1cedaff60eed","environmentVariableName":"pobvol_shared_sharepointonline_fbaeddd2ed124d13a8aa0b54818e452b"}},"ServicevorgaengeE":{"tableName":"8728ef9d-0506-4f39-9047-653270ac640a","tableNameOverride":{"name":"8728ef9d-0506-4f39-9047-653270ac640a","environmentVariableName":"pobvol_ServicevorgaengeE"}},"Serviceberichte":{"tableName":"80ec4c29-4791-4240-88c8-d7c1981bc203","tableNameOverride":{"name":"80ec4c29-4791-4240-88c8-d7c1981bc203","environmentVariableName":"pobvol_shared_sharepointonline_adf13cd6c2034fb49022f1994a804140"}}}}},"apiTier":"Standard","actions":["providers/PowerPlatform.Governance/Operations/Read","providers/PowerPlatform.Governance/Operations/Write","providers/PowerPlatform.Governance/Operations/Delete"]},"76eba8e0-e480-4bfa-b44f-d431ad6e75ae":{"id":"/providers/microsoft.powerapps/apis/shared_logicflows","displayName":"Logic flows","iconUri":"https://conn-afd-prod-endpoint-bmc9bqahasf3grgk.b01.azurefd.net/v1.0.1766/1.0.1766.4330/logicflows/icon.png","dataSources":["pobvolService:Createfile"],"dependencies":["f0492b2b-80cf-4abf-9ca7-de6293855c5a"],"dependents":[],"parameterHints":{"workflowName":{"value":"d735100b-5190-4784-8e0a-10f9355c8539"},"workflowEntityId":{"value":"e8e4f580-7307-ed11-82e5-6045bd8855e7"},"workflowDisplayName":{"value":"pobvol Service: Create file"},"f0492b2b-80cf-4abf-9ca7-de6293855c5a":{"value":"shared_sharepointonline_1"}},"parameterHintsV2":{"workflowName":{"value":"d735100b-5190-4784-8e0a-10f9355c8539"},"workflowEntityId":{"value":"e8e4f580-7307-ed11-82e5-6045bd8855e7"},"workflowDisplayName":{"value":"pobvol Service: Create file"},"shared_sharepointonline_1":{"value":"f0492b2b-80cf-4abf-9ca7-de6293855c5a"}},"isOnPremiseConnection":false,"bypassConsent":true,"dataSets":{},"apiTier":"Standard","actions":["Run"]},"9bf31c26-78a9-4930-9555-026c8738c374":{"id":"/providers/microsoft.powerapps/apis/shared_logicflows","displayName":"Logic flows","iconUri":"https://conn-afd-prod-endpoint-bmc9bqahasf3grgk.b01.azurefd.net/v1.0.1766/1.0.1766.4330/logicflows/icon.png","dataSources":["GetListsV3"],"dependencies":["f0492b2b-80cf-4abf-9ca7-de6293855c5a"],"dependents":[],"parameterHints":{"workflowName":{"value":"c6f663c6-b14b-4a91-8332-955225baa5df"},"workflowEntityId":{"value":"ebdd9e76-d345-f011-877a-000d3a28d740"},"workflowDisplayName":{"value":"pobvol Service:GetListsV3"},"f0492b2b-80cf-4abf-9ca7-de6293855c5a":{"value":"shared_sharepointonline"}},"parameterHintsV2":{"workflowName":{"value":"c6f663c6-b14b-4a91-8332-955225baa5df"},"workflowEntityId":{"value":"ebdd9e76-d345-f011-877a-000d3a28d740"},"workflowDisplayName":{"value":"pobvol Service:GetListsV3"},"shared_sharepointonline":{"value":"f0492b2b-80cf-4abf-9ca7-de6293855c5a"}},"isOnPremiseConnection":false,"bypassConsent":true,"dataSets":{},"apiTier":"Standard","actions":["Run"]},"60c67f8c-1488-434f-9342-e62a6074c8db":{"id":"/providers/microsoft.powerapps/apis/shared_powerappsforappmakers","displayName":"Power Apps for Makers","iconUri":"https://conn-afd-prod-endpoint-bmc9bqahasf3grgk.b01.azurefd.net/v1.0.1758/1.0.1758.4260/powerappsforappmakers/icon.png","dataSources":["PowerAppsforMakers"],"dependencies":[],"dependents":[],"parameterHints":{},"parameterHintsV2":{},"isOnPremiseConnection":false,"bypassConsent":true,"dataSets":{},"apiTier":"Standard","actions":["GetApps"]},"615c5a30-e80c-449e-ac92-d1bbbd2451bd":{"id":"/providers/microsoft.powerapps/apis/shared_office365users","displayName":"Office 365 Users","iconUri":"https://conn-afd-prod-endpoint-bmc9bqahasf3grgk.b01.azurefd.net/v1.0.1767/1.0.1767.4341/office365users/icon.png","dataSources":["Office365Users"],"dependencies":[],"dependents":[],"parameterHints":{},"parameterHintsV2":{},"isOnPremiseConnection":false,"bypassConsent":true,"dataSets":{},"apiTier":"Standard"}}</ConnectionReferences>
      <DatabaseReferences>{}</DatabaseReferences>
      <AppComponents>[]</AppComponents>
      <AppComponentDependencies>[]</AppComponentDependencies>
      <CanConsumeAppPass>1</CanConsumeAppPass>
      <CanvasAppType>0</CanvasAppType>
      <BypassConsent>1</BypassConsent>
      <AdminControlBypassConsent>0</AdminControlBypassConsent>
      <EmbeddedApp xsi:nil="true"></EmbeddedApp>
      <IntroducedVersion>1.0</IntroducedVersion>
      <CdsDependencies>{"cdsdependencies":[{"dependencyid":"6ebecaa4-af87-ef11-ac20-6045bd920532","componenttype":29,"componenttypeplatformname":"Workflow"},{"dependencyid":"e7e4f580-7307-ed11-82e5-6045bd8855e7","componenttype":29,"componenttypeplatformname":"Workflow"},{"dependencyid":"e8e4f580-7307-ed11-82e5-6045bd8855e7","componenttype":29,"componenttypeplatformname":"Workflow"},{"dependencyid":"ebdd9e76-d345-f011-877a-000d3a28d740","componenttype":29,"componenttypeplatformname":"Workflow"},{"logicalname":"pobvol_shared_sharepointonline_674cc35bbaa74bdd9774c9f9a7c59ff2","componenttype":380,"componenttypeplatformname":"EnvironmentVariableDefinition"},{"logicalname":"pobvol_pssServiceTeamsite","componenttype":380,"componenttypeplatformname":"EnvironmentVariableDefinition"},{"logicalname":"pobvol_UVVTeamKalender","componenttype":380,"componenttypeplatformname":"EnvironmentVariableDefinition"},{"logicalname":"pobvol_UVVSystemSettings","componenttype":380,"componenttypeplatformname":"EnvironmentVariableDefinition"},{"logicalname":"pobvol_BevorzugteSprachen","componenttype":380,"componenttypeplatformname":"EnvironmentVariableDefinition"},{"logicalname":"pobvol_UVVBerichteArchiv","componenttype":380,"componenttypeplatformname":"EnvironmentVariableDefinition"},{"logicalname":"pobvol_shared_sharepointonline_fbaeddd2ed124d13a8aa0b54818e452b","componenttype":380,"componenttypeplatformname":"EnvironmentVariableDefinition"},{"logicalname":"pobvol_shared_sharepointonline_ced903bad30d4391882d43607ff8c0db","componenttype":380,"componenttypeplatformname":"EnvironmentVariableDefinition"},{"logicalname":"pobvol_ServicevorgaengeP","componenttype":380,"componenttypeplatformname":"EnvironmentVariableDefinition"},{"logicalname":"pobvol_shared_sharepointonline_19e9c73788c14d0aa8e0343b24c71ec4","componenttype":380,"componenttypeplatformname":"EnvironmentVariableDefinition"},{"logicalname":"pobvol_UVVImages","componenttype":380,"componenttypeplatformname":"EnvironmentVariableDefinition"},{"logicalname":"pobvol_Fahrtbericht","componenttype":380,"componenttypeplatformname":"EnvironmentVariableDefinition"},{"logicalname":"pobvol_UVVBauteile","componenttype":380,"componenttypeplatformname":"EnvironmentVariableDefinition"},{"logicalname":"pobvol_ArchivUVVDataCollector","componenttype":380,"componenttypeplatformname":"EnvironmentVariableDefinition"},{"logicalname":"pobvol_EinstellungenBenutzer","componenttype":380,"componenttypeplatformname":"EnvironmentVariableDefinition"},{"logicalname":"pobvol_Artikel","componenttype":380,"componenttypeplatformname":"EnvironmentVariableDefinition"},{"logicalname":"pobvol_Leistungsabrechnung","componenttype":380,"componenttypeplatformname":"EnvironmentVariableDefinition"},{"logicalname":"pobvol_ServiceauftraegeP","componenttype":380,"componenttypeplatformname":"EnvironmentVariableDefinition"},{"logicalname":"pobvol_ServicevorgaengeE","componenttype":380,"componenttypeplatformname":"EnvironmentVariableDefinition"},{"logicalname":"pobvol_shared_sharepointonline_adf13cd6c2034fb49022f1994a804140","componenttype":380,"componenttypeplatformname":"EnvironmentVariableDefinition"}]}</CdsDependencies>
      <IsCustomizable>0</IsCustomizable>
      <BackgroundImageUri>/CanvasApps/pobvol_pobvolservicephone_270f5_BackgroundImageUri</BackgroundImageUri>
      <DocumentUri>/CanvasApps/pobvol_pobvolservicephone_270f5_DocumentUri.msapp</DocumentUri>
      <AdditionalUris>
        <AdditionalUri>/CanvasApps/pobvol_pobvolservicephone_270f5_AdditionalUris0_identity.json</AdditionalUri>
      </AdditionalUris>
    </CanvasApp>
    <CanvasApp>
      <Name>pobvol_pobvolserviceboard_4507a</Name>
      <AppVersion>2025-09-20T06:57:15Z</AppVersion>
      <Status>Ready</Status>
      <CreatedByClientVersion>3.25092.9.0</CreatedByClientVersion>
      <MinClientVersion>3.25092.9.0</MinClientVersion>
      <Tags>{"primaryDeviceWidth":"1527","primaryDeviceHeight":"683","supportsPortrait":"false","supportsLandscape":"true","primaryFormFactor":"Tablet","publisherVersion":"3.25092.9","minimumRequiredApiVersion":"2.2.0","hasComponent":"false","hasUnlockedComponent":"false","isUnifiedRootApp":"false","sienaVersion":"20250919T130700Z-3.25092.9.0","showStatusBar":"false","offlineLargeFilesSupport":"false"}</Tags>
      <IsCdsUpgraded>0</IsCdsUpgraded>
      <GalleryItemId xsi:nil="true"></GalleryItemId>
      <BackgroundColor>rgba(224, 224, 237, 1)</BackgroundColor>
      <DisplayName>pssServiceBoard</DisplayName>
      <Description>With this app your team manages its service data and monitors service activities and reports. The app is optimized for use on PCs and Macs, but can also be used on tablets and iPads.

The app is part of the software solution 'pobvol Service Solution', which is Free Software, delivered as Open Source. 
        
You can download, install, operate, modify and redistribute it under the terms of the GNU General Public License, as published by the Free Software Foundation, version 3 of the license or any later version. Contributions to improve it are welcome. The solution is distributed in the hope that it will be useful, but WITHOUT ANY WARRANTY; without even the implied warranty of MERCHANTABILITY or FITNESS FOR A PARTICULAR PURPOSE. See the GNU General Public License for more details. You should receive a copy of the GNU General Public License along with the solution. If not, see GNU General Public License for more details. 

Copyright © 2025 Volker Pobloth
66292 Riegelsberg, Germany
mailto:kontakt@pobvol.com</Description>
      <CommitMessage xsi:nil="true"></CommitMessage>
      <Publisher xsi:nil="true"></Publisher>
      <AuthorizationReferences>[{"resourceId":"powerbi"}]</AuthorizationReferences>
      <ConnectionReferences>{"39b7084d-b5b8-4ead-8314-4ea75d8bba35":{"id":"/providers/microsoft.powerapps/apis/shared_logicflows","displayName":"Logic flows","iconUri":"https://conn-afd-prod-endpoint-bmc9bqahasf3grgk.b01.azurefd.net/v1.0.1766/1.0.1766.4330/logicflows/icon.png","dataSources":["pobvolService:GetPDFs"],"dependencies":["acc471b2-61ab-409b-b017-8e188d84c08e"],"dependents":[],"parameterHints":{"workflowName":{"value":"c717b9ba-cabb-4e44-9eb9-e5f428a471fc"},"workflowEntityId":{"value":"c7ad0531-0eab-ef11-b8e8-6045bd920532"},"workflowDisplayName":{"value":"pobvol Service: GetPDFs"},"c92fab44-93b4-4706-97f9-5a917195dbaf":{"value":"shared_sharepointonline"},"acc471b2-61ab-409b-b017-8e188d84c08e":{"value":"shared_sharepointonline"}},"parameterHintsV2":{"workflowName":{"value":"c717b9ba-cabb-4e44-9eb9-e5f428a471fc"},"workflowEntityId":{"value":"c7ad0531-0eab-ef11-b8e8-6045bd920532"},"workflowDisplayName":{"value":"pobvol Service: GetPDFs"},"shared_sharepointonline":{"value":"acc471b2-61ab-409b-b017-8e188d84c08e"}},"isOnPremiseConnection":false,"bypassConsent":true,"dataSets":{},"apiTier":"Standard","actions":["Run"]},"acc471b2-61ab-409b-b017-8e188d84c08e":{"id":"/providers/microsoft.powerapps/apis/shared_sharepointonline","displayName":"SharePoint","iconUri":"https://conn-afd-prod-endpoint-bmc9bqahasf3grgk.b01.azurefd.net/v1.0.1762/1.0.1762.4298/sharepointonline/icon.png","dataSources":["UVVSystemSettings","UVVBauteile","UVVTeamKalenderArchiv","UVVImages","UVVBerichteArchiv","UVVSettings","UVVKundenliste","ServiceContracts","UVVBerichte","UVVDataCollectorArchiv","UVVTeamKalender","UVVKundenInventarliste","UVVDataCollector","ServicevorgaengeP","Bilder","Einstellungen","BevorzugteSprachen","ArchivServiceberichte","Servicekunden","Kundeninventar","ArchivServicevorgaenge","Serviceberichte","EinstellungenBenutzer","Artikel","Serviceauftraege","Fahrtbericht","Servicevertraege","Checklisten","Dokumente","Servicevorgaenge","Leistungsabrechnung","ServicevertraegeAbrechnung","ArchivServicevorgaengeP","ServicevertraegeP","ServicevorgaengeE","ServiceauftraegeP"],"dependencies":[],"dependents":["39b7084d-b5b8-4ead-8314-4ea75d8bba35","e0721e53-64d8-486f-aea9-bb542769f726","6bbe01cd-a595-4bfd-ac89-af5b65147cd7","cad265a8-37e0-43b0-abdb-6d271ff89390","1a8b841b-30dd-4df3-b337-db1049f95bba"],"parameterHints":{},"parameterHintsV2":{},"isOnPremiseConnection":false,"bypassConsent":true,"dataSets":{"https://pobvol.sharepoint.com/sites/pssService_pobvol_shared_sharepointonline_674cc35bbaa74bdd9774c9f9a7c59ff2":{"datasetOverride":{"name":"https://pobvol.sharepoint.com/sites/pssService","environmentVariableName":"pobvol_shared_sharepointonline_674cc35bbaa74bdd9774c9f9a7c59ff2"},"dataSources":{"Bilder":{"tableName":"ab8f15f4-db02-460d-b39f-87c372863740","tableNameOverride":{"name":"ab8f15f4-db02-460d-b39f-87c372863740","environmentVariableName":"pobvol_UVVImages"}},"ServicevorgaengeP":{"tableName":"d97d18d5-80cf-493d-aa73-f3cf4301ca51","tableNameOverride":{"name":"d97d18d5-80cf-493d-aa73-f3cf4301ca51","environmentVariableName":"pobvol_ServicevorgaengeP"}},"Einstellungen":{"tableName":"a63eb858-2182-4293-9423-623e1f0752b8","tableNameOverride":{"name":"a63eb858-2182-4293-9423-623e1f0752b8","environmentVariableName":"pobvol_UVVSystemSettings"}},"BevorzugteSprachen":{"tableName":"2968d988-5912-4f7e-bb74-e9143ba5108b","tableNameOverride":{"name":"2968d988-5912-4f7e-bb74-e9143ba5108b","environmentVariableName":"pobvol_BevorzugteSprachen"}},"ArchivServiceberichte":{"tableName":"21662b94-4d71-4fe8-9573-2dc91a5d7157","tableNameOverride":{"name":"21662b94-4d71-4fe8-9573-2dc91a5d7157","environmentVariableName":"pobvol_UVVBerichteArchiv"}},"Servicekunden":{"tableName":"305b6341-5bc6-4bfe-86aa-44dc4fddb6d1","tableNameOverride":{"name":"305b6341-5bc6-4bfe-86aa-44dc4fddb6d1","environmentVariableName":"pobvol_shared_sharepointonline_19e9c73788c14d0aa8e0343b24c71ec4"}},"Kundeninventar":{"tableName":"128569c1-e914-4941-bb72-f23efc6b11e5","tableNameOverride":{"name":"128569c1-e914-4941-bb72-f23efc6b11e5","environmentVariableName":"pobvol_shared_sharepointonline_ced903bad30d4391882d43607ff8c0db"}},"ArchivServicevorgaenge":{"tableName":"f17bff3d-1865-4997-b30d-0e30b40f93a9","tableNameOverride":{"name":"f17bff3d-1865-4997-b30d-0e30b40f93a9","environmentVariableName":"pobvol_ArchivUVVDataCollector"}},"Serviceberichte":{"tableName":"80ec4c29-4791-4240-88c8-d7c1981bc203","tableNameOverride":{"name":"80ec4c29-4791-4240-88c8-d7c1981bc203","environmentVariableName":"pobvol_shared_sharepointonline_adf13cd6c2034fb49022f1994a804140"}},"EinstellungenBenutzer":{"tableName":"21b3f998-9955-4942-bd75-c676f5ea5c9f","tableNameOverride":{"name":"21b3f998-9955-4942-bd75-c676f5ea5c9f","environmentVariableName":"pobvol_EinstellungenBenutzer"}},"Artikel":{"tableName":"d9e20c3c-f9c1-4a87-b3bb-9be239397a07","tableNameOverride":{"name":"d9e20c3c-f9c1-4a87-b3bb-9be239397a07","environmentVariableName":"pobvol_Artikel"}},"Serviceauftraege":{"tableName":"d511525f-eeae-482b-8a71-e4f0754eb4d0","tableNameOverride":{"name":"d511525f-eeae-482b-8a71-e4f0754eb4d0","environmentVariableName":"pobvol_UVVTeamKalender"}},"Fahrtbericht":{"tableName":"b8cdc9d6-0ce5-443e-b47c-4352b06af702","tableNameOverride":{"name":"b8cdc9d6-0ce5-443e-b47c-4352b06af702","environmentVariableName":"pobvol_Fahrtbericht"}},"Servicevertraege":{"tableName":"0934a8d8-8439-40c6-8495-0ee31c1c1692","tableNameOverride":{"name":"0934a8d8-8439-40c6-8495-0ee31c1c1692","environmentVariableName":"pobvol_ServiceContracts"}},"Checklisten":{"tableName":"fcb389d2-c535-47a4-b98a-c67ca8266357","tableNameOverride":{"name":"fcb389d2-c535-47a4-b98a-c67ca8266357","environmentVariableName":"pobvol_UVVBauteile"}},"Dokumente":{"tableName":"ea8c1b54-eeda-47db-b421-f5c91c740d90","tableNameOverride":{"name":"ea8c1b54-eeda-47db-b421-f5c91c740d90","environmentVariableName":"pobvol_shared_sharepointonline_f7b59932fe464c11bb810a7e6aa5810b"}},"Servicevorgaenge":{"tableName":"5eec20f3-c8a6-4aae-9db8-1cedaff60eed","tableNameOverride":{"name":"5eec20f3-c8a6-4aae-9db8-1cedaff60eed","environmentVariableName":"pobvol_shared_sharepointonline_fbaeddd2ed124d13a8aa0b54818e452b"}},"Leistungsabrechnung":{"tableName":"95bf05ed-c9b5-4327-8530-60b8e7cbc834","tableNameOverride":{"name":"95bf05ed-c9b5-4327-8530-60b8e7cbc834","environmentVariableName":"pobvol_Leistungsabrechnung"}},"ArchivServicevorgaengeP":{"tableName":"1495b432-6a64-4181-a5d6-4da1dd56bca8","tableNameOverride":{"name":"1495b432-6a64-4181-a5d6-4da1dd56bca8","environmentVariableName":"pobvol_ArchivServicevorgaengeP"}},"ServicevertraegeP":{"tableName":"5fb181c0-cac8-4228-a3f9-f2827505233d","tableNameOverride":{"name":"5fb181c0-cac8-4228-a3f9-f2827505233d","environmentVariableName":"pobvol_ServicevertraegeP"}},"ServicevertraegeAbrechnung":{"tableName":"dd882b68-9a48-4df2-8f01-714132105188","tableNameOverride":{"name":"dd882b68-9a48-4df2-8f01-714132105188","environmentVariableName":"pobvol_ServicevertraegeAbrechnung"}},"ServiceauftraegeP":{"tableName":"d545c62b-c4b7-4d40-95cb-ed701f7887cf","tableNameOverride":{"name":"d545c62b-c4b7-4d40-95cb-ed701f7887cf","environmentVariableName":"pobvol_ServiceauftraegeP"}}}},"https://pobvol.sharepoint.com/sites/Team1_pobvol_shared_sharepointonline_674cc35bbaa74bdd9774c9f9a7c59ff2":{"datasetOverride":{"name":"https://pobvol.sharepoint.com/sites/pssService","environmentVariableName":"pobvol_shared_sharepointonline_674cc35bbaa74bdd9774c9f9a7c59ff2"},"dataSources":{"Bilder":{"tableName":"ad1509fd-e99c-44e7-b693-a4cf878077ef","tableNameOverride":{"name":"ab8f15f4-db02-460d-b39f-87c372863740","environmentVariableName":"pobvol_UVVImages"}},"ServicevorgaengeP":{"tableName":"4381da3f-9715-45ae-b717-4894adf3a9de","tableNameOverride":{"name":"d97d18d5-80cf-493d-aa73-f3cf4301ca51","environmentVariableName":"pobvol_ServicevorgaengeP"}}}},"https://pobvol.sharepoint.com/sites/pssService_pobvol_pssServiceTeamsite":{"datasetOverride":{"name":"https://pobvol.sharepoint.com/sites/pssService","environmentVariableName":"pobvol_pssServiceTeamsite"},"dataSources":{"ServicevorgaengeE":{"tableName":"8728ef9d-0506-4f39-9047-653270ac640a","tableNameOverride":{"name":"8728ef9d-0506-4f39-9047-653270ac640a","environmentVariableName":"pobvol_ServicevorgaengeE"}}}}},"apiTier":"Standard","actions":["providers/PowerPlatform.Governance/Operations/Read","providers/PowerPlatform.Governance/Operations/Write","providers/PowerPlatform.Governance/Operations/Delete"]},"182f8b28-8835-47df-bfe4-1379c19a08d4":{"id":"/providers/microsoft.powerapps/apis/shared_logicflows","displayName":"Logic flows","iconUri":"https://conn-afd-prod-endpoint-bmc9bqahasf3grgk.b01.azurefd.net/v1.0.1766/1.0.1766.4330/logicflows/icon.png","dataSources":["pobvolService:GetDocumentRootFolder"],"dependencies":[],"dependents":[],"parameterHints":{"workflowName":{"value":"1f597657-e038-40fb-87dd-9da449a6e38e"},"workflowEntityId":{"value":"8bf9b373-7684-ee11-8179-0022488947ed"},"workflowDisplayName":{"value":"pobvol Service: GetDocumentRootFolder"}},"parameterHintsV2":{"workflowName":{"value":"1f597657-e038-40fb-87dd-9da449a6e38e"},"workflowEntityId":{"value":"8bf9b373-7684-ee11-8179-0022488947ed"},"workflowDisplayName":{"value":"pobvol Service: GetDocumentRootFolder"}},"isOnPremiseConnection":false,"bypassConsent":true,"dataSets":{},"apiTier":"Standard","actions":["Run"]},"e0721e53-64d8-486f-aea9-bb542769f726":{"id":"/providers/microsoft.powerapps/apis/shared_logicflows","displayName":"Logic flows","iconUri":"https://conn-afd-prod-endpoint-bmc9bqahasf3grgk.b01.azurefd.net/v1.0.1766/1.0.1766.4330/logicflows/icon.png","dataSources":["pobvolService:GetFile"],"dependencies":["acc471b2-61ab-409b-b017-8e188d84c08e"],"dependents":[],"parameterHints":{"workflowName":{"value":"72c3cf04-5b35-4062-997a-3e2a3fe6b75c"},"workflowEntityId":{"value":"e7e4f580-7307-ed11-82e5-6045bd8855e7"},"workflowDisplayName":{"value":"pobvol Service: GetFile"},"c92fab44-93b4-4706-97f9-5a917195dbaf":{"value":"shared_sharepointonline_1"},"acc471b2-61ab-409b-b017-8e188d84c08e":{"value":"shared_sharepointonline_1"}},"parameterHintsV2":{"workflowName":{"value":"72c3cf04-5b35-4062-997a-3e2a3fe6b75c"},"workflowEntityId":{"value":"e7e4f580-7307-ed11-82e5-6045bd8855e7"},"workflowDisplayName":{"value":"pobvol Service: GetFile"},"shared_sharepointonline_1":{"value":"acc471b2-61ab-409b-b017-8e188d84c08e"}},"isOnPremiseConnection":false,"bypassConsent":true,"dataSets":{},"apiTier":"Standard","actions":["Run"]},"0d444fb6-29a0-4efe-b167-12fc13de7b4f":{"id":"/providers/microsoft.powerapps/apis/shared_logicflows","displayName":"Logic flows","iconUri":"https://conn-afd-prod-endpoint-bmc9bqahasf3grgk.b01.azurefd.net/v1.0.1766/1.0.1766.4330/logicflows/icon.png","dataSources":["pobvolService:GetTeamv2"],"dependencies":[],"dependents":[],"parameterHints":{"workflowName":{"value":"ebd57129-148d-4d41-ac90-4b745d915dfb"},"workflowEntityId":{"value":"6ebecaa4-af87-ef11-ac20-6045bd920532"},"workflowDisplayName":{"value":"pobvol Service: GetTeam v2"}},"parameterHintsV2":{"workflowName":{"value":"ebd57129-148d-4d41-ac90-4b745d915dfb"},"workflowEntityId":{"value":"6ebecaa4-af87-ef11-ac20-6045bd920532"},"workflowDisplayName":{"value":"pobvol Service: GetTeam v2"}},"isOnPremiseConnection":false,"bypassConsent":true,"dataSets":{},"apiTier":"Standard","actions":["Run"]},"6bbe01cd-a595-4bfd-ac89-af5b65147cd7":{"id":"/providers/microsoft.powerapps/apis/shared_logicflows","displayName":"Logic flows","iconUri":"https://conn-afd-prod-endpoint-bmc9bqahasf3grgk.b01.azurefd.net/v1.0.1766/1.0.1766.4330/logicflows/icon.png","dataSources":["pobvolService:Createfile"],"dependencies":["acc471b2-61ab-409b-b017-8e188d84c08e"],"dependents":[],"parameterHints":{"workflowName":{"value":"22354256-abad-4d79-b762-8ea2d9e3a328"},"workflowEntityId":{"value":"e8e4f580-7307-ed11-82e5-6045bd8855e7"},"workflowDisplayName":{"value":"pobvol Service: Create file"},"904351a2-823a-4206-b98f-b364a37f4ce1":{"value":"shared_sharepointonline_1"},"acc471b2-61ab-409b-b017-8e188d84c08e":{"value":"shared_sharepointonline_1"}},"parameterHintsV2":{"workflowName":{"value":"22354256-abad-4d79-b762-8ea2d9e3a328"},"workflowEntityId":{"value":"e8e4f580-7307-ed11-82e5-6045bd8855e7"},"workflowDisplayName":{"value":"pobvol Service: Create file"},"shared_sharepointonline_1":{"value":"acc471b2-61ab-409b-b017-8e188d84c08e"}},"isOnPremiseConnection":false,"bypassConsent":true,"dataSets":{},"apiTier":"Standard","actions":["Run"]},"cad265a8-37e0-43b0-abdb-6d271ff89390":{"id":"/providers/microsoft.powerapps/apis/shared_logicflows","displayName":"Logic flows","iconUri":"https://conn-afd-prod-endpoint-bmc9bqahasf3grgk.b01.azurefd.net/v1.0.1766/1.0.1766.4330/logicflows/icon.png","dataSources":["pobvolService:GetFileID"],"dependencies":["acc471b2-61ab-409b-b017-8e188d84c08e"],"dependents":[],"parameterHints":{"workflowName":{"value":"10b010e6-7459-4b0e-91b6-b9a4f057d4e3"},"workflowEntityId":{"value":"f20e802a-2970-ef11-a670-7c1e524de4d9"},"workflowDisplayName":{"value":"pobvol Service: GetFileID"},"acc471b2-61ab-409b-b017-8e188d84c08e":{"value":"shared_sharepointonline_1"}},"parameterHintsV2":{"workflowName":{"value":"10b010e6-7459-4b0e-91b6-b9a4f057d4e3"},"workflowEntityId":{"value":"f20e802a-2970-ef11-a670-7c1e524de4d9"},"workflowDisplayName":{"value":"pobvol Service: GetFileID"},"shared_sharepointonline_1":{"value":"acc471b2-61ab-409b-b017-8e188d84c08e"}},"isOnPremiseConnection":false,"bypassConsent":true,"dataSets":{},"apiTier":"Standard","actions":["Run"]},"1a8b841b-30dd-4df3-b337-db1049f95bba":{"id":"/providers/microsoft.powerapps/apis/shared_logicflows","displayName":"Logic flows","iconUri":"https://conn-afd-prod-endpoint-bmc9bqahasf3grgk.b01.azurefd.net/v1.0.1766/1.0.1766.4330/logicflows/icon.png","dataSources":["GetListsV3"],"dependencies":["acc471b2-61ab-409b-b017-8e188d84c08e"],"dependents":[],"parameterHints":{"workflowName":{"value":"48b54b29-1148-4df6-9299-4393e9820246"},"workflowEntityId":{"value":"ebdd9e76-d345-f011-877a-000d3a28d740"},"workflowDisplayName":{"value":"pobvol Service:GetListsV3"},"acc471b2-61ab-409b-b017-8e188d84c08e":{"value":"shared_sharepointonline"}},"parameterHintsV2":{"workflowName":{"value":"48b54b29-1148-4df6-9299-4393e9820246"},"workflowEntityId":{"value":"ebdd9e76-d345-f011-877a-000d3a28d740"},"workflowDisplayName":{"value":"pobvol Service:GetListsV3"},"shared_sharepointonline":{"value":"acc471b2-61ab-409b-b017-8e188d84c08e"}},"isOnPremiseConnection":false,"bypassConsent":true,"dataSets":{},"apiTier":"Standard","actions":["Run"]},"3eaba2a5-bbde-4291-9cb0-6e972b40a9a6":{"id":"/providers/microsoft.powerapps/apis/shared_powerappsforappmakers","displayName":"Power Apps for Makers","iconUri":"https://conn-afd-prod-endpoint-bmc9bqahasf3grgk.b01.azurefd.net/v1.0.1758/1.0.1758.4260/powerappsforappmakers/icon.png","dataSources":["PowerAppsforMakers"],"dependencies":[],"dependents":[],"parameterHints":{},"parameterHintsV2":{},"isOnPremiseConnection":false,"bypassConsent":true,"dataSets":{},"apiTier":"Standard","actions":["Get-Apps"]},"6d08fd54-516a-4608-b274-ab84fe085013":{"id":"/providers/microsoft.powerapps/apis/shared_office365users","displayName":"Office 365 Users","iconUri":"https://conn-afd-prod-endpoint-bmc9bqahasf3grgk.b01.azurefd.net/v1.0.1767/1.0.1767.4341/office365users/icon.png","dataSources":["Office365Users"],"dependencies":[],"dependents":[],"parameterHints":{},"parameterHintsV2":{},"isOnPremiseConnection":false,"bypassConsent":true,"dataSets":{},"apiTier":"Standard","actions":["SearchUser"]},"c52491ea-3733-4f04-b9a2-fee17f092b40":{"id":"/providers/microsoft.powerapps/apis/shared_office365groups","displayName":"Office 365 Groups","iconUri":"https://conn-afd-prod-endpoint-bmc9bqahasf3grgk.b01.azurefd.net/1759/1.0.1759.4274/office365groups/icon.png","dataSources":["Office365-Gruppen"],"dependencies":[],"dependents":[],"parameterHints":{},"parameterHintsV2":{},"isOnPremiseConnection":false,"bypassConsent":true,"dataSets":{},"apiTier":"Standard","actions":["ListGroups","ListGroupMembers"]},"364d400a-5722-4dee-a363-fd6cfa462f59":{"id":"/providers/microsoft.powerapps/apis/shared_office365","displayName":"Office 365 Outlook","iconUri":"https://conn-afd-prod-endpoint-bmc9bqahasf3grgk.b01.azurefd.net/v1.0.1763/1.0.1763.4311/office365/icon.png","dataSources":["Office365Outlook"],"dependencies":[],"dependents":[],"parameterHints":{},"parameterHintsV2":{},"isOnPremiseConnection":false,"bypassConsent":true,"dataSets":{},"apiTier":"Standard","actions":["CalendarDeleteItemV2","V3CalendarGetItem","V4CalendarPatchItem","V4CalendarPostItem","FindMeetingTimesV2","CalendarGetTablesV2"]}}</ConnectionReferences>
      <DatabaseReferences>{}</DatabaseReferences>
      <AppComponents>[]</AppComponents>
      <AppComponentDependencies>[]</AppComponentDependencies>
      <CanConsumeAppPass>1</CanConsumeAppPass>
      <CanvasAppType>0</CanvasAppType>
      <BypassConsent>1</BypassConsent>
      <AdminControlBypassConsent>0</AdminControlBypassConsent>
      <EmbeddedApp xsi:nil="true"></EmbeddedApp>
      <IntroducedVersion>1.0</IntroducedVersion>
      <CdsDependencies>{"cdsdependencies":[{"dependencyid":"c7ad0531-0eab-ef11-b8e8-6045bd920532","componenttype":29,"componenttypeplatformname":"Workflow"},{"dependencyid":"8bf9b373-7684-ee11-8179-0022488947ed","componenttype":29,"componenttypeplatformname":"Workflow"},{"dependencyid":"e7e4f580-7307-ed11-82e5-6045bd8855e7","componenttype":29,"componenttypeplatformname":"Workflow"},{"dependencyid":"6ebecaa4-af87-ef11-ac20-6045bd920532","componenttype":29,"componenttypeplatformname":"Workflow"},{"dependencyid":"e8e4f580-7307-ed11-82e5-6045bd8855e7","componenttype":29,"componenttypeplatformname":"Workflow"},{"dependencyid":"f20e802a-2970-ef11-a670-7c1e524de4d9","componenttype":29,"componenttypeplatformname":"Workflow"},{"dependencyid":"ebdd9e76-d345-f011-877a-000d3a28d740","componenttype":29,"componenttypeplatformname":"Workflow"},{"logicalname":"pobvol_shared_sharepointonline_674cc35bbaa74bdd9774c9f9a7c59ff2","componenttype":380,"componenttypeplatformname":"EnvironmentVariableDefinition"},{"logicalname":"pobvol_pssServiceTeamsite","componenttype":380,"componenttypeplatformname":"EnvironmentVariableDefinition"},{"logicalname":"pobvol_UVVImages","componenttype":380,"componenttypeplatformname":"EnvironmentVariableDefinition"},{"logicalname":"pobvol_ServicevorgaengeP","componenttype":380,"componenttypeplatformname":"EnvironmentVariableDefinition"},{"logicalname":"pobvol_UVVSystemSettings","componenttype":380,"componenttypeplatformname":"EnvironmentVariableDefinition"},{"logicalname":"pobvol_BevorzugteSprachen","componenttype":380,"componenttypeplatformname":"EnvironmentVariableDefinition"},{"logicalname":"pobvol_UVVBerichteArchiv","componenttype":380,"componenttypeplatformname":"EnvironmentVariableDefinition"},{"logicalname":"pobvol_shared_sharepointonline_19e9c73788c14d0aa8e0343b24c71ec4","componenttype":380,"componenttypeplatformname":"EnvironmentVariableDefinition"},{"logicalname":"pobvol_shared_sharepointonline_ced903bad30d4391882d43607ff8c0db","componenttype":380,"componenttypeplatformname":"EnvironmentVariableDefinition"},{"logicalname":"pobvol_ArchivUVVDataCollector","componenttype":380,"componenttypeplatformname":"EnvironmentVariableDefinition"},{"logicalname":"pobvol_shared_sharepointonline_adf13cd6c2034fb49022f1994a804140","componenttype":380,"componenttypeplatformname":"EnvironmentVariableDefinition"},{"logicalname":"pobvol_EinstellungenBenutzer","componenttype":380,"componenttypeplatformname":"EnvironmentVariableDefinition"},{"logicalname":"pobvol_Artikel","componenttype":380,"componenttypeplatformname":"EnvironmentVariableDefinition"},{"logicalname":"pobvol_UVVTeamKalender","componenttype":380,"componenttypeplatformname":"EnvironmentVariableDefinition"},{"logicalname":"pobvol_Fahrtbericht","componenttype":380,"componenttypeplatformname":"EnvironmentVariableDefinition"},{"logicalname":"pobvol_ServiceContracts","componenttype":380,"componenttypeplatformname":"EnvironmentVariableDefinition"},{"logicalname":"pobvol_UVVBauteile","componenttype":380,"componenttypeplatformname":"EnvironmentVariableDefinition"},{"logicalname":"pobvol_shared_sharepointonline_f7b59932fe464c11bb810a7e6aa5810b","componenttype":380,"componenttypeplatformname":"EnvironmentVariableDefinition"},{"logicalname":"pobvol_shared_sharepointonline_fbaeddd2ed124d13a8aa0b54818e452b","componenttype":380,"componenttypeplatformname":"EnvironmentVariableDefinition"},{"logicalname":"pobvol_Leistungsabrechnung","componenttype":380,"componenttypeplatformname":"EnvironmentVariableDefinition"},{"logicalname":"pobvol_ArchivServicevorgaengeP","componenttype":380,"componenttypeplatformname":"EnvironmentVariableDefinition"},{"logicalname":"pobvol_ServicevertraegeP","componenttype":380,"componenttypeplatformname":"EnvironmentVariableDefinition"},{"logicalname":"pobvol_ServicevertraegeAbrechnung","componenttype":380,"componenttypeplatformname":"EnvironmentVariableDefinition"},{"logicalname":"pobvol_ServiceauftraegeP","componenttype":380,"componenttypeplatformname":"EnvironmentVariableDefinition"},{"logicalname":"pobvol_ServicevorgaengeE","componenttype":380,"componenttypeplatformname":"EnvironmentVariableDefinition"}]}</CdsDependencies>
      <IsCustomizable>0</IsCustomizable>
      <BackgroundImageUri>/CanvasApps/pobvol_pobvolserviceboard_4507a_BackgroundImageUri</BackgroundImageUri>
      <DocumentUri>/CanvasApps/pobvol_pobvolserviceboard_4507a_DocumentUri.msapp</DocumentUri>
      <AdditionalUris>
        <AdditionalUri>/CanvasApps/pobvol_pobvolserviceboard_4507a_AdditionalUris0_identity.json</AdditionalUri>
      </AdditionalUris>
    </CanvasApp>
  </CanvasApps>
  <connectionreferences>
    <connectionreference connectionreferencelogicalname="pobvol_Office365OneDriveCentralServices">
      <connectionreferencedisplayname>Office 365 OneDrive Central Services</connectionreferencedisplayname>
      <connectorid>/providers/Microsoft.PowerApps/apis/shared_onedriveforbusiness</connectorid>
      <iscustomizable>1</iscustomizable>
      <statecode>0</statecode>
      <statuscode>1</statuscode>
    </connectionreference>
    <connectionreference connectionreferencelogicalname="pobvol_Office365OutlookSharedCalendar">
      <connectionreferencedisplayname>Office 365 Outlook Central Services</connectionreferencedisplayname>
      <connectorid>/providers/Microsoft.PowerApps/apis/shared_office365</connectorid>
      <description>Central Services</description>
      <iscustomizable>1</iscustomizable>
      <statecode>0</statecode>
      <statuscode>1</statuscode>
    </connectionreference>
    <connectionreference connectionreferencelogicalname="pobvol_Office365OutlookUser">
      <connectionreferencedisplayname>Office 365 Outlook Anwender</connectionreferencedisplayname>
      <connectorid>/providers/Microsoft.PowerApps/apis/shared_office365</connectorid>
      <iscustomizable>1</iscustomizable>
      <statecode>0</statecode>
      <statuscode>1</statuscode>
    </connectionreference>
    <connectionreference connectionreferencelogicalname="pobvol_sharedoffice365users_6c749">
      <connectionreferencedisplayname>Office 365 Users Central Services</connectionreferencedisplayname>
      <connectorid>/providers/Microsoft.PowerApps/apis/shared_office365users</connectorid>
      <description>Central Services</description>
      <iscustomizable>1</iscustomizable>
      <statecode>0</statecode>
      <statuscode>1</statuscode>
    </connectionreference>
    <connectionreference connectionreferencelogicalname="pobvol_sharedsharepointonline_03a21">
      <connectionreferencedisplayname>Office 365 SharePoint Central Services</connectionreferencedisplayname>
      <connectorid>/providers/Microsoft.PowerApps/apis/shared_sharepointonline</connectorid>
      <description>Central Services</description>
      <iscustomizable>1</iscustomizable>
      <statecode>0</statecode>
      <statuscode>1</statuscode>
    </connectionreference>
    <connectionreference connectionreferencelogicalname="pobvol_sharedsharepointonline_db0bc">
      <connectionreferencedisplayname>Office 365 SharePoint Anwender</connectionreferencedisplayname>
      <connectorid>/providers/Microsoft.PowerApps/apis/shared_sharepointonline</connectorid>
      <description>Zugriff auf SharePoint durch den Anwender</description>
      <iscustomizable>1</iscustomizable>
      <statecode>0</statecode>
      <statuscode>1</statuscode>
    </connectionreference>
  </connectionreferences>
  <Languages>
    <Language>1031</Language>
    <Language>1033</Language>
  </Languages>
</ImportExportXml>