<ImportExportXml version="9.2.25084.173" SolutionPackageVersion="9.2" languagecode="1031" generatedBy="CrmLive" xmlns:xsi="http://www.w3.org/2001/XMLSchema-instance" OrganizationVersion="9.2.25084.173" OrganizationSchemaType="Standard" CRMServerServiceabilityVersion="9.2.25084.00176">
  <SolutionManifest>
    <UniqueName>pobvolServiceSolution</UniqueName>
    <LocalizedNames>
      <LocalizedName description="pobvol Service Solution" languagecode="1031" />
    </LocalizedNames>
    <Descriptions />
    <Version>1.65</Version>
    <Managed>0</Managed>
    <Publisher>
      <UniqueName>DefaultPublisherorgbf619bfc</UniqueName>
      <LocalizedNames>
        <LocalizedName description="pobvol Software Services" languagecode="1031" />
      </LocalizedNames>
      <Descriptions>
        <Description description="pobvol Software Services&#xA;Wolfskaulstr. 84&#xA;66292 Riegelsberg, Germany" languagecode="1031" />
      </Descriptions>
      <EMailAddress>kontakt@pobvol.com</EMailAddress>
      <SupportingWebsiteUrl>https://pobvol.com</SupportingWebsiteUrl>
      <CustomizationPrefix>pobvol</CustomizationPrefix>
      <CustomizationOptionValuePrefix>10000</CustomizationOptionValuePrefix>
      <Addresses>
        <Address>
          <AddressNumber>1</AddressNumber>
          <AddressTypeCode xsi:nil="true"></AddressTypeCode>
          <City>Riegelsberg</City>
          <County xsi:nil="true"></County>
          <Country>Germany</Country>
          <Fax xsi:nil="true"></Fax>
          <FreightTermsCode xsi:nil="true"></FreightTermsCode>
          <ImportSequenceNumber xsi:nil="true"></ImportSequenceNumber>
          <Latitude xsi:nil="true"></Latitude>
          <Line1>Wolfskaulstrasse 84</Line1>
          <Line2 xsi:nil="true"></Line2>
          <Line3 xsi:nil="true"></Line3>
          <Longitude xsi:nil="true"></Longitude>
          <Name xsi:nil="true"></Name>
          <PostalCode>66292</PostalCode>
          <PostOfficeBox xsi:nil="true"></PostOfficeBox>
          <PrimaryContactName xsi:nil="true"></PrimaryContactName>
          <ShippingMethodCode xsi:nil="true"></ShippingMethodCode>
          <StateOrProvince xsi:nil="true"></StateOrProvince>
          <Telephone1 xsi:nil="true"></Telephone1>
          <Telephone2 xsi:nil="true"></Telephone2>
          <Telephone3 xsi:nil="true"></Telephone3>
          <TimeZoneRuleVersionNumber xsi:nil="true"></TimeZoneRuleVersionNumber>
          <UPSZone xsi:nil="true"></UPSZone>
          <UTCOffset xsi:nil="true"></UTCOffset>
          <UTCConversionTimeZoneCode xsi:nil="true"></UTCConversionTimeZoneCode>
        </Address>
        <Address>
          <AddressNumber>2</AddressNumber>
          <AddressTypeCode xsi:nil="true"></AddressTypeCode>
          <City xsi:nil="true"></City>
          <County xsi:nil="true"></County>
          <Country xsi:nil="true"></Country>
          <Fax xsi:nil="true"></Fax>
          <FreightTermsCode xsi:nil="true"></FreightTermsCode>
          <ImportSequenceNumber xsi:nil="true"></ImportSequenceNumber>
          <Latitude xsi:nil="true"></Latitude>
          <Line1 xsi:nil="true"></Line1>
          <Line2 xsi:nil="true"></Line2>
          <Line3 xsi:nil="true"></Line3>
          <Longitude xsi:nil="true"></Longitude>
          <Name xsi:nil="true"></Name>
          <PostalCode xsi:nil="true"></PostalCode>
          <PostOfficeBox xsi:nil="true"></PostOfficeBox>
          <PrimaryContactName xsi:nil="true"></PrimaryContactName>
          <ShippingMethodCode xsi:nil="true"></ShippingMethodCode>
          <StateOrProvince xsi:nil="true"></StateOrProvince>
          <Telephone1 xsi:nil="true"></Telephone1>
          <Telephone2 xsi:nil="true"></Telephone2>
          <Telephone3 xsi:nil="true"></Telephone3>
          <TimeZoneRuleVersionNumber xsi:nil="true"></TimeZoneRuleVersionNumber>
          <UPSZone xsi:nil="true"></UPSZone>
          <UTCOffset xsi:nil="true"></UTCOffset>
          <UTCConversionTimeZoneCode xsi:nil="true"></UTCConversionTimeZoneCode>
        </Address>
      </Addresses>
    </Publisher>
    <RootComponents>
      <RootComponent type="29" id="{194a0b55-6a07-ed11-82e5-6045bd8855e7}" behavior="0" />
      <RootComponent type="29" id="{25d20990-4b4c-f011-877a-000d3a28d740}" behavior="0" />
      <RootComponent type="29" id="{2c0f1e8e-1ae6-ef11-be20-6045bd87e8b9}" behavior="0" />
      <RootComponent type="29" id="{4c08ecc4-5e4f-f011-877b-000d3a28d740}" behavior="0" />
      <RootComponent type="29" id="{6ccd5dee-f582-ef11-ac20-000d3a4642da}" behavior="0" />
      <RootComponent type="29" id="{6ebecaa4-af87-ef11-ac20-6045bd920532}" behavior="0" />
      <RootComponent type="29" id="{79916fcd-41f4-ef11-be1f-7c1e5274e1dc}" behavior="0" />
      <RootComponent type="29" id="{8bf9b373-7684-ee11-8179-0022488947ed}" behavior="0" />
      <RootComponent type="29" id="{a2e466e2-0fb9-ed11-83ff-000d3abcde23}" behavior="0" />
      <RootComponent type="29" id="{c0c12146-6a52-f011-877b-000d3a28d740}" behavior="0" />
      <RootComponent type="29" id="{c5fc769a-6f07-ed11-82e5-6045bd8855e7}" behavior="0" />
      <RootComponent type="29" id="{c7ad0531-0eab-ef11-b8e8-6045bd920532}" behavior="0" />
      <RootComponent type="29" id="{ccee7a95-d4b9-ed11-83ff-000d3abcde23}" behavior="0" />
      <RootComponent type="29" id="{d55497e1-fce5-ef11-be20-6045bd87e8b9}" behavior="0" />
      <RootComponent type="29" id="{e7719bbb-d238-ed11-9db1-000d3abcde23}" behavior="0" />
      <RootComponent type="29" id="{e7e4f580-7307-ed11-82e5-6045bd8855e7}" behavior="0" />
      <RootComponent type="29" id="{e8e4f580-7307-ed11-82e5-6045bd8855e7}" behavior="0" />
      <RootComponent type="29" id="{e9e4f580-7307-ed11-82e5-6045bd8855e7}" behavior="0" />
      <RootComponent type="29" id="{ebdd9e76-d345-f011-877a-000d3a28d740}" behavior="0" />
      <RootComponent type="29" id="{f20e802a-2970-ef11-a670-7c1e524de4d9}" behavior="0" />
      <RootComponent type="300" schemaName="pobvol_pobvolserviceboard_4507a" behavior="0" />
      <RootComponent type="300" schemaName="pobvol_pobvolservicephone_270f5" behavior="0" />
    </RootComponents>
    <MissingDependencies />
  </SolutionManifest>
</ImportExportXml>