<environmentvariabledefinition schemaname="pobvol_shared_sharepointonline_adf13cd6c2034fb49022f1994a804140">
  <apiid>/providers/microsoft.powerapps/apis/shared_sharepointonline</apiid>
  <displayname default="Serviceberichte">
    <label description="Serviceberichte" languagecode="1031" />
  </displayname>
  <introducedversion>1.0.0.0</introducedversion>
  <iscustomizable>1</iscustomizable>
  <isrequired>0</isrequired>
  <parameterkey>table</parameterkey>
  <parentdefinitionid>
    <schemaname>pobvol_pssServiceTeamsite</schemaname>
  </parentdefinitionid>
  <secretstore>0</secretstore>
  <type>100000004</type>
</environmentvariabledefinition>