{
  "properties": {
    "connectionReferences": {
      "shared_sharepointonline-1": {
        "api": {
          "name": "shared_sharepointonline"
        },
        "connection": {
          "connectionReferenceLogicalName": "pobvol_sharedsharepointonline_db0bc"
        },
        "runtimeSource": "embedded"
      },
      "shared_office365_1": {
        "api": {
          "name": "shared_office365"
        },
        "connection": {
          "connectionReferenceLogicalName": "pobvol_Office365OutlookSharedCalendar"
        },
        "runtimeSource": "embedded"
      },
      "shared_office365users": {
        "api": {
          "name": "shared_office365users"
        },
        "connection": {
          "connectionReferenceLogicalName": "pobvol_sharedoffice365users_6c749"
        },
        "runtimeSource": "embedded"
      },
      "shared_sharepointonline": {
        "api": {
          "name": "shared_sharepointonline"
        },
        "connection": {
          "connectionReferenceLogicalName": "pobvol_sharedsharepointonline_03a21"
        },
        "runtimeSource": "embedded"
      }
    },
    "definition": {
      "$schema": "https://schema.management.azure.com/providers/Microsoft.Logic/schemas/2016-06-01/workflowdefinition.json#",
      "contentVersion": "1.0.0.0",
      "parameters": {
        "$authentication": {
          "defaultValue": {},
          "type": "SecureObject"
        },
        "$connections": {
          "defaultValue": {},
          "type": "Object"
        },
        "EnvTeamseite (pobvol_shared_sharepointonline_674cc35bbaa74bdd9774c9f9a7c59ff2)": {
          "defaultValue": "https://pobvol.sharepoint.com/sites/pssService",
          "type": "String",
          "metadata": {
            "schemaName": "pobvol_shared_sharepointonline_674cc35bbaa74bdd9774c9f9a7c59ff2",
            "description": "hier eine Teamseite zuordnen"
          }
        },
        "Einstellungen (pobvol_UVVSystemSettings)": {
          "defaultValue": "a63eb858-2182-4293-9423-623e1f0752b8",
          "type": "String",
          "metadata": {
            "schemaName": "pobvol_UVVSystemSettings"
          }
        },
        "Serviceberichte (pobvol_shared_sharepointonline_adf13cd6c2034fb49022f1994a804140)": {
          "defaultValue": "80ec4c29-4791-4240-88c8-d7c1981bc203",
          "type": "String",
          "metadata": {
            "schemaName": "pobvol_shared_sharepointonline_adf13cd6c2034fb49022f1994a804140"
          }
        },
        "Checklisten (pobvol_UVVBauteile)": {
          "defaultValue": "fcb389d2-c535-47a4-b98a-c67ca8266357",
          "type": "String",
          "metadata": {
            "schemaName": "pobvol_UVVBauteile"
          }
        },
        "Servicevorgaenge (pobvol_shared_sharepointonline_fbaeddd2ed124d13a8aa0b54818e452b)": {
          "defaultValue": "5eec20f3-c8a6-4aae-9db8-1cedaff60eed",
          "type": "String",
          "metadata": {
            "schemaName": "pobvol_shared_sharepointonline_fbaeddd2ed124d13a8aa0b54818e452b"
          }
        },
        "Serviceauftraege (pobvol_UVVTeamKalender)": {
          "defaultValue": "d511525f-eeae-482b-8a71-e4f0754eb4d0",
          "type": "String",
          "metadata": {
            "schemaName": "pobvol_UVVTeamKalender",
            "description": "Zeiger auf die SharePoint-Liste UVVTeamKalender"
          }
        }
      },
      "triggers": {
        "When_an_item_is_created_or_modified_in_Serviceberichte": {
          "type": "OpenApiConnection",
          "inputs": {
            "parameters": {
              "dataset": "@parameters('EnvTeamseite (pobvol_shared_sharepointonline_674cc35bbaa74bdd9774c9f9a7c59ff2)')",
              "table": "@parameters('Serviceberichte (pobvol_shared_sharepointonline_adf13cd6c2034fb49022f1994a804140)')"
            },
            "host": {
              "apiId": "/providers/Microsoft.PowerApps/apis/shared_sharepointonline",
              "operationId": "GetOnUpdatedItems",
              "connectionName": "shared_sharepointonline-1"
            }
          },
          "recurrence": {
            "interval": 5,
            "frequency": "Minute"
          },
          "conditions": [
            {
              "expression": "@equals(triggerOutputs()?['body/Gesendet'],false)"
            },
            {
              "expression": "@equals(triggerOutputs()?['body/Genehmigt'],false)"
            }
          ],
          "splitOn": "@triggerOutputs()?['body/value']",
          "metadata": {
            "operationMetadataId": "37147a9d-6482-456f-991c-83a08c54d0af"
          }
        }
      },
      "actions": {
        "Apply_to_each_user_found": {
          "type": "Foreach",
          "foreach": "@outputs('Search_for_users_(V2)')?['body/value']",
          "actions": {
            "Condition": {
              "type": "If",
              "expression": {
                "and": [
                  {
                    "equals": [
                      "@items('Apply_to_each_user_found')?['DisplayName']",
                      "@triggerOutputs()?['body/Pruefer']"
                    ]
                  }
                ]
              },
              "actions": {
                "Set_variable_PrueferEmail_Value": {
                  "type": "SetVariable",
                  "inputs": {
                    "name": "varStringPrueferEmail",
                    "value": "@items('Apply_to_each_user_found')?['Mail']"
                  },
                  "metadata": {
                    "operationMetadataId": "e2cb3dba-67a4-4ebd-b2dc-ef9b8dac0810"
                  }
                },
                "Send_an_email_from_a_shared_mailbox_(V2)": {
                  "type": "OpenApiConnection",
                  "inputs": {
                    "parameters": {
                      "emailMessage/MailboxAddress": "@variables('varSharedMailbox')",
                      "emailMessage/To": "@variables('varStringPrueferEmail')",
                      "emailMessage/Subject": "@{variables('varTeam')}: Bitte Servicebericht prüfen / Please check service report",
                      "emailMessage/Body": "@variables('strEmailText')",
                      "emailMessage/Importance": "Normal"
                    },
                    "host": {
                      "apiId": "/providers/Microsoft.PowerApps/apis/shared_office365",
                      "operationId": "SharedMailboxSendEmailV2",
                      "connectionName": "shared_office365_1"
                    }
                  },
                  "runAfter": {
                    "Set_variable_PrueferEmail_Value": [
                      "Succeeded"
                    ]
                  },
                  "metadata": {
                    "operationMetadataId": "8dadc8d5-7aa0-403d-80c8-4792f1cfbb1b"
                  }
                }
              },
              "else": {
                "actions": {}
              },
              "metadata": {
                "operationMetadataId": "37c260e9-7c04-49f4-9c3c-b9581f0cd0d8"
              }
            }
          },
          "runAfter": {
            "Search_for_users_(V2)": [
              "Succeeded"
            ]
          },
          "metadata": {
            "operationMetadataId": "dd538cf7-a262-42fc-91b5-380e08173afd"
          }
        },
        "Initialize_variable_PrueferIstGast": {
          "type": "InitializeVariable",
          "inputs": {
            "variables": [
              {
                "name": "varBooleanPrueferIstGast",
                "type": "boolean",
                "value": false
              }
            ]
          },
          "runAfter": {
            "Mail_text_for_treatment_protocol": [
              "Succeeded"
            ]
          },
          "metadata": {
            "operationMetadataId": "45ef2562-a7d1-443e-a8a3-fb41a3dbce20"
          }
        },
        "Search_for_users_(V2)": {
          "type": "OpenApiConnection",
          "inputs": {
            "parameters": {
              "top": 5,
              "isSearchTermRequired": true,
              "searchTerm": "@triggerBody()?['Pruefer']"
            },
            "host": {
              "apiId": "/providers/Microsoft.PowerApps/apis/shared_office365users",
              "operationId": "SearchUserV2",
              "connectionName": "shared_office365users"
            }
          },
          "runAfter": {
            "Initialize_variable_PrueferEmail": [
              "Succeeded"
            ]
          },
          "metadata": {
            "operationMetadataId": "8991c980-ec96-44ec-baec-4677172b4729"
          }
        },
        "Condition_PrueferIstGast": {
          "type": "If",
          "expression": {
            "and": [
              {
                "contains": [
                  "@triggerBody()?['Pruefer']",
                  "(Gast)"
                ]
              }
            ]
          },
          "actions": {
            "Set_variable_PrueferIstGast_True": {
              "type": "SetVariable",
              "inputs": {
                "name": "varBooleanPrueferIstGast",
                "value": true
              },
              "metadata": {
                "operationMetadataId": "196d3e7d-f16f-4b30-80aa-601330ad5c09"
              }
            }
          },
          "else": {
            "actions": {
              "Set_variable_PrueferIstGast_False": {
                "type": "SetVariable",
                "inputs": {
                  "name": "varBooleanPrueferIstGast",
                  "value": false
                },
                "metadata": {
                  "operationMetadataId": "b1c3802a-56ca-4484-87dc-68b3f4ee4003"
                }
              }
            }
          },
          "runAfter": {
            "Initialize_variable_PrueferIstGast": [
              "Succeeded"
            ]
          },
          "metadata": {
            "operationMetadataId": "a32901ce-46d5-46c4-b080-973c9b525c71"
          }
        },
        "Initialize_variable_ServicartDE": {
          "type": "InitializeVariable",
          "inputs": {
            "variables": [
              {
                "name": "strServiceartDE",
                "type": "string",
                "value": "@{null}"
              }
            ]
          },
          "runAfter": {
            "Apply_to_each_entry_for_pobvol_Service_Board_Weblink": [
              "Succeeded"
            ]
          },
          "metadata": {
            "operationMetadataId": "a88fc56a-b1ef-4f90-87ca-6b328c4913d2"
          }
        },
        "Initialize_variable_pobvol_Service_Phone_Weblink": {
          "type": "InitializeVariable",
          "inputs": {
            "variables": [
              {
                "name": "pobvol Service Phone Weblink",
                "type": "string",
                "value": "@{null}"
              }
            ]
          },
          "runAfter": {
            "Apply_to_each_Shared_mailbox": [
              "Succeeded"
            ]
          },
          "metadata": {
            "operationMetadataId": "78bd74ce-9d38-4b11-9f18-a069606f0132"
          }
        },
        "Get_items_pobvol_Service_Phone.Weblink": {
          "type": "OpenApiConnection",
          "inputs": {
            "parameters": {
              "dataset": "@parameters('EnvTeamseite (pobvol_shared_sharepointonline_674cc35bbaa74bdd9774c9f9a7c59ff2)')",
              "table": "@parameters('Einstellungen (pobvol_UVVSystemSettings)')",
              "$filter": "Title eq 'pssService Phone.Weblink'",
              "$top": 1
            },
            "host": {
              "apiId": "/providers/Microsoft.PowerApps/apis/shared_sharepointonline",
              "operationId": "GetItems",
              "connectionName": "shared_sharepointonline"
            }
          },
          "runAfter": {
            "Initialize_variable_pobvol_Service_Phone_Weblink": [
              "Succeeded"
            ]
          },
          "metadata": {
            "operationMetadataId": "866accfa-8533-4088-b1bd-9c4ed8e8368a"
          }
        },
        "Apply_to_each_entry_for_pobvol_Service_Phone.Weblink": {
          "type": "Foreach",
          "foreach": "@outputs('Get_items_pobvol_Service_Phone.Weblink')?['body/value']",
          "actions": {
            "Set_variable_pobvol_Service_Phone_Weblink": {
              "type": "SetVariable",
              "inputs": {
                "name": "pobvol Service Phone Weblink",
                "value": "@items('Apply_to_each_entry_for_pobvol_Service_Phone.Weblink')?['Wert']"
              },
              "metadata": {
                "operationMetadataId": "34541603-d7ff-462b-9890-51c14aa8f0f3"
              }
            }
          },
          "runAfter": {
            "Get_items_pobvol_Service_Phone.Weblink": [
              "Succeeded"
            ]
          },
          "metadata": {
            "operationMetadataId": "ef5d4f41-fb8f-4a84-be56-29d94300d3e1"
          }
        },
        "Initialize_variable_pobvol_Service_Board_Weblink": {
          "type": "InitializeVariable",
          "inputs": {
            "variables": [
              {
                "name": "pobvol Service Board Weblink",
                "type": "string",
                "value": "@{null}"
              }
            ]
          },
          "runAfter": {
            "Apply_to_each_entry_for_pobvol_Service_Phone.Weblink": [
              "Succeeded"
            ]
          },
          "metadata": {
            "operationMetadataId": "807bf4f4-8c65-4ac3-a829-474af10d5982"
          }
        },
        "Get_items_pobvol_Service_Board_Weblink": {
          "type": "OpenApiConnection",
          "inputs": {
            "parameters": {
              "dataset": "@parameters('EnvTeamseite (pobvol_shared_sharepointonline_674cc35bbaa74bdd9774c9f9a7c59ff2)')",
              "table": "@parameters('Einstellungen (pobvol_UVVSystemSettings)')",
              "$filter": "Title eq 'pssService Board.Weblink'",
              "$top": 1
            },
            "host": {
              "apiId": "/providers/Microsoft.PowerApps/apis/shared_sharepointonline",
              "operationId": "GetItems",
              "connectionName": "shared_sharepointonline"
            }
          },
          "runAfter": {
            "Initialize_variable_pobvol_Service_Board_Weblink": [
              "Succeeded"
            ]
          },
          "metadata": {
            "operationMetadataId": "cf2b8f20-ed63-4f8f-bb78-5f1966e3be55"
          }
        },
        "Apply_to_each_entry_for_pobvol_Service_Board_Weblink": {
          "type": "Foreach",
          "foreach": "@outputs('Get_items_pobvol_Service_Board_Weblink')?['body/value']",
          "actions": {
            "Set_variable_pobvol_Service_Board_Weblink": {
              "type": "SetVariable",
              "inputs": {
                "name": "pobvol Service Board Weblink",
                "value": "@items('Apply_to_each_entry_for_pobvol_Service_Board_Weblink')?['Wert']"
              },
              "metadata": {
                "operationMetadataId": "6fd81368-e881-4b4e-a78a-d3e013f259ef"
              }
            }
          },
          "runAfter": {
            "Get_items_pobvol_Service_Board_Weblink": [
              "Succeeded"
            ]
          },
          "metadata": {
            "operationMetadataId": "5148e63a-0b93-457b-babb-0f98ff21941a"
          }
        },
        "Initialize_variable_varSharedMailbox": {
          "type": "InitializeVariable",
          "inputs": {
            "variables": [
              {
                "name": "varSharedMailbox",
                "type": "string",
                "value": "@{null}"
              }
            ]
          },
          "runAfter": {
            "Apply_to_each_SharePoint.Team": [
              "Succeeded"
            ]
          },
          "metadata": {
            "operationMetadataId": "5c2a6d84-1039-41b0-9ae8-e8bec262d0e7"
          }
        },
        "Get_items_Shared_mailbox": {
          "type": "OpenApiConnection",
          "inputs": {
            "parameters": {
              "dataset": "@parameters('EnvTeamseite (pobvol_shared_sharepointonline_674cc35bbaa74bdd9774c9f9a7c59ff2)')",
              "table": "@parameters('Einstellungen (pobvol_UVVSystemSettings)')",
              "$filter": "Title eq 'Shared mailbox'",
              "$top": 1
            },
            "host": {
              "apiId": "/providers/Microsoft.PowerApps/apis/shared_sharepointonline",
              "operationId": "GetItems",
              "connectionName": "shared_sharepointonline"
            }
          },
          "runAfter": {
            "Initialize_variable_varSharedMailbox": [
              "Succeeded"
            ]
          },
          "metadata": {
            "operationMetadataId": "c465b351-d8d6-452f-b7e0-160d06f01324"
          }
        },
        "Apply_to_each_Shared_mailbox": {
          "type": "Foreach",
          "foreach": "@outputs('Get_items_Shared_mailbox')?['body/value']",
          "actions": {
            "Set_variable_varSharedMailbox": {
              "type": "SetVariable",
              "inputs": {
                "name": "varSharedMailbox",
                "value": "@items('Apply_to_each_Shared_mailbox')?['Wert']"
              },
              "metadata": {
                "operationMetadataId": "ce76cd8e-0b51-43cd-a805-3f2b41615df4"
              }
            }
          },
          "runAfter": {
            "Get_items_Shared_mailbox": [
              "Succeeded"
            ]
          },
          "metadata": {
            "operationMetadataId": "38efd433-eb8b-4c9b-bddb-ce43229a64db"
          }
        },
        "Get_items_ServiceartDE": {
          "type": "OpenApiConnection",
          "inputs": {
            "parameters": {
              "dataset": "@parameters('EnvTeamseite (pobvol_shared_sharepointonline_674cc35bbaa74bdd9774c9f9a7c59ff2)')",
              "table": "@parameters('Checklisten (pobvol_UVVBauteile)')",
              "$filter": "Serviceart eq '@{triggerBody()?['Serviceart']}' and LanguageTag eq 'de'",
              "$top": 1
            },
            "host": {
              "apiId": "/providers/Microsoft.PowerApps/apis/shared_sharepointonline",
              "operationId": "GetItems",
              "connectionName": "shared_sharepointonline"
            }
          },
          "runAfter": {
            "Initialize_variable_ServicartDE": [
              "Succeeded"
            ]
          },
          "metadata": {
            "operationMetadataId": "cecfd696-5d91-45c1-bb99-c234e46420b4"
          }
        },
        "Apply_to_each_ServiceartDE": {
          "type": "Foreach",
          "foreach": "@outputs('Get_items_ServiceartDE')?['body/value']",
          "actions": {
            "Set_variable_ServiceartDE": {
              "type": "SetVariable",
              "inputs": {
                "name": "strServiceartDE",
                "value": "@items('Apply_to_each_ServiceartDE')?['ServiceartText']"
              },
              "metadata": {
                "operationMetadataId": "1ef0a483-d4f5-4fac-9ebf-d02c65f08d80"
              }
            }
          },
          "runAfter": {
            "Get_items_ServiceartDE": [
              "Succeeded"
            ]
          },
          "metadata": {
            "operationMetadataId": "ac2e99f0-6b7f-40ce-bb9d-476cd542f16c"
          }
        },
        "Initialize_variable_ServiceartEN": {
          "type": "InitializeVariable",
          "inputs": {
            "variables": [
              {
                "name": "strServiceartEN",
                "type": "string",
                "value": "@{null}"
              }
            ]
          },
          "runAfter": {
            "Apply_to_each_ServiceartDE": [
              "Succeeded"
            ]
          },
          "metadata": {
            "operationMetadataId": "e5a2dfef-5f8c-4d2f-a6fe-30bad1b22a50"
          }
        },
        "Get_items_ServiceartEN": {
          "type": "OpenApiConnection",
          "inputs": {
            "parameters": {
              "dataset": "@parameters('EnvTeamseite (pobvol_shared_sharepointonline_674cc35bbaa74bdd9774c9f9a7c59ff2)')",
              "table": "@parameters('Checklisten (pobvol_UVVBauteile)')",
              "$filter": "Serviceart eq '@{triggerBody()?['Serviceart']}' and LanguageTag eq 'en'",
              "$top": 1
            },
            "host": {
              "apiId": "/providers/Microsoft.PowerApps/apis/shared_sharepointonline",
              "operationId": "GetItems",
              "connectionName": "shared_sharepointonline"
            }
          },
          "runAfter": {
            "Initialize_variable_ServiceartEN": [
              "Succeeded"
            ]
          },
          "metadata": {
            "operationMetadataId": "0208abfa-5d23-4efb-bb6e-40c69d24dc11"
          }
        },
        "Apply_to_each": {
          "type": "Foreach",
          "foreach": "@outputs('Get_items_ServiceartEN')?['body/value']",
          "actions": {
            "Set_variable_ServiceartEN": {
              "type": "SetVariable",
              "inputs": {
                "name": "strServiceartEN",
                "value": "@items('Apply_to_each')?['ServiceartText']"
              },
              "metadata": {
                "operationMetadataId": "a003e3cc-355a-4f96-936b-9a9aa241b38a"
              }
            }
          },
          "runAfter": {
            "Get_items_ServiceartEN": [
              "Succeeded"
            ]
          },
          "metadata": {
            "operationMetadataId": "a77bdd7c-9040-4462-95a8-96cf3b5081db"
          }
        },
        "Initialize_variable_varTeam": {
          "type": "InitializeVariable",
          "inputs": {
            "variables": [
              {
                "name": "varTeam",
                "type": "string",
                "value": "@{null}"
              }
            ]
          },
          "runAfter": {
            "Condition_Patch_Serviceauftrag_if_TerminID_found": [
              "Succeeded"
            ]
          },
          "metadata": {
            "operationMetadataId": "5c2a6d84-1039-41b0-9ae8-e8bec262d0e7"
          }
        },
        "Get_items_SharePoint.Team": {
          "type": "OpenApiConnection",
          "inputs": {
            "parameters": {
              "dataset": "@parameters('EnvTeamseite (pobvol_shared_sharepointonline_674cc35bbaa74bdd9774c9f9a7c59ff2)')",
              "table": "@parameters('Einstellungen (pobvol_UVVSystemSettings)')",
              "$filter": "Title eq 'SharePoint.Team'",
              "$top": 1
            },
            "host": {
              "apiId": "/providers/Microsoft.PowerApps/apis/shared_sharepointonline",
              "operationId": "GetItems",
              "connectionName": "shared_sharepointonline"
            }
          },
          "runAfter": {
            "Initialize_variable_varTeam": [
              "Succeeded"
            ]
          },
          "metadata": {
            "operationMetadataId": "c465b351-d8d6-452f-b7e0-160d06f01324"
          }
        },
        "Apply_to_each_SharePoint.Team": {
          "type": "Foreach",
          "foreach": "@outputs('Get_items_SharePoint.Team')?['body/value']",
          "actions": {
            "Set_variable_varTeam": {
              "type": "SetVariable",
              "inputs": {
                "name": "varTeam",
                "value": "@item()?['Wert']"
              },
              "metadata": {
                "operationMetadataId": "ce76cd8e-0b51-43cd-a805-3f2b41615df4"
              }
            }
          },
          "runAfter": {
            "Get_items_SharePoint.Team": [
              "Succeeded"
            ]
          },
          "metadata": {
            "operationMetadataId": "38efd433-eb8b-4c9b-bddb-ce43229a64db"
          }
        },
        "Initialize_variable_PrueferEmail": {
          "type": "InitializeVariable",
          "inputs": {
            "variables": [
              {
                "name": "varStringPrueferEmail",
                "type": "string"
              }
            ]
          },
          "runAfter": {
            "Condition_PrueferIstGast": [
              "Succeeded"
            ]
          },
          "metadata": {
            "operationMetadataId": "cebd4907-4445-480d-bd91-216bbe741727"
          }
        },
        "Mail_text_for_service_report": {
          "type": "If",
          "expression": {
            "and": [
              {
                "not": {
                  "equals": [
                    "@triggerBody()?['Geraetetyp']",
                    "Ayurveda"
                  ]
                }
              }
            ]
          },
          "actions": {
            "Append_to_string_variable_strEmailText": {
              "type": "AppendToStringVariable",
              "inputs": {
                "name": "strEmailText",
                "value": "\n<table border=0 cellspacing=0 cellpadding=0>\n    <tr><td width=\"20%\"></td>\n    \n    <td width=\"60%\">\n    \n    \n<p align=right style='text-align:right'><span lang=EN style='font-size:10.0pt'><a\nhref=\"#_A_service_report\">English version below</a> </span></p>\n\n<h1>\n<span lang=DE style='mso-fareast-font-family:\"Times New Roman\"'>\nEin Servicebericht wurde erstellt oder angepasst.\n</span>\n</h1>\n\n<table border=0 cellspacing=0 cellpadding=0>\n<tr>\n<td width=150 valign=top>\n<span lang=DE style=\"color:black; font-size:12pt\">Version</span>\n</td>\n<td width=500 valign=top>\n<strong>\n<span lang=DE style=\"color:black; font-size:12pt\">\nV@{triggerBody()?['MyVersion']}\n</span>\n</strong>\n</td>\n</tr>\n<tr>\n<td width=150 valign=top>\n<span lang=DE style=\"color:black; font-size:12pt\">Serviceart</span>\n</td>\n<td width=500 valign=top>\n<strong>\n<span lang=DE style=\"color:black; font-size:12pt\">\n@{variables('strServiceartDE')}\n</span>\n</strong>\n</td>\n</tr>\n<tr>\n<td width=150 valign=top><span lang=DE style=\"color:black; font-size:12pt\">\nVorgangsdatum\n</span></td>\n<td width=500 valign=top><strong><span lang=DE style=\"color:black; font-size:12pt\">\n@{formatDateTime(triggerBody()?['Pruefdatum'],'dd.MM.yyyy')}\n</span></strong></td>\n</tr>\n<tr>\n<td  valign=top><span lang=DE style=\"color:black; font-size:12pt\">\nTechniker\n</span></td>\n<td  valign=top><strong><span lang=DE style=\"color:black; font-size:12pt\">\n@{triggerBody()?['Pruefer']}\n</span></strong></td>\n</tr>\n<tr>\n<td  valign=top><span lang=DE style=\"color:black; font-size:12pt\">\nDateiname\n</span></td>\n<td  valign=top>\n<strong>\n<span lang=DE style=\"color:black; font-size:12pt\">\n@{triggerBody()?['KEY']}.pdf\n</span>\n</strong>\n</td>\n</tr>\n<tr><td>&nbsp;</td><td>&nbsp;</td></tr>\n<tr>\n<td  valign=top>\n<span lang=DE style=\"color:black; font-size:12pt\">\nKunde\n</span>\n</td>\n<td  valign=top>\n<strong>\n<span lang=DE style=\"color:black; font-size:12pt\">\n@{triggerBody()?['Kunde']}, @{triggerBody()?['Kundenort']} (@{triggerBody()?['Kunden_x002d_Nr']})\n</span>\n</strong>\n</td>\n</tr>\n<tr>\n<td  valign=top>\n<span lang=DE style=\"color:black; font-size:12pt\">\nInventar\n</span>\n</td>\n<td  valign=top>\n<strong>\n<span lang=DE style=\"color:black; font-size:12pt\">\n@{triggerBody()?['Hersteller']} @{triggerBody()?['Geraeteart']} (@{triggerBody()?['MA_x0020_INV_x002d_Nr']})\n</span>\n</strong>\n</td>\n</tr>\n</table>\n\n<p>\n<span lang=DE style=\"color:black; font-size:12pt\">\nDer Servicebericht liegt auf dem SharePoint. Bitte rufen Sie die Power App <b>pssServicePhone</b> auf Ihrem Smartphone ODER die Power App <b>pssServiceBoard</b> auf Ihrem Tablet / PC auf und prüfen Sie den Servicebericht. Sollte alles stimmen, dann bitte genehmigen. Ansonsten die notwendigen Anpassungen vornehmen, einen neuen Servicebericht anfordern und auf die neue Version warten.</span>\n</p>\n\n<table cellspacing=\"0\" cellpadding=\"0\">\n<tr>\n<td lang=DE style=\"border-radius: 2px;\" bgcolor=\"#80ffff\">\n<a href=\"@{variables('pobvol Service Phone Weblink')}&amp;Key=\" target=\"_blank\" style=\"padding: 8px 12px; border: 1px solid #000000;border-radius: 2px;font-family: Helvetica, Arial, sans-serif;font-size: 14px; color: #000000;text-decoration: none;font-weight:bold;display: inline-block;\">pssServicePhone</a></td>\n<td>&nbsp;&nbsp;</td>\n<td lang=DE style=\"border-radius: 2px;\" bgcolor=\"#80ffff\">\n<a href=\"@{variables('pobvol Service Board Weblink')}&amp;Key=\" target=\"_blank\" style=\"padding: 8px 12px; border: 1px solid #000000;border-radius: 2px;font-family: Helvetica, Arial, sans-serif;font-size: 14px; color: #000000;text-decoration: none;font-weight:bold;display: inline-block;\">pssServiceBoard</a></td>\n</tr>\n<tr><td>&nbsp;</td></tr> \n</table>\n\n<hr>\n\n<h1>\n<a name=\"_A_service_report\"></a>\n<span lang=EN-US style='mso-fareast-font-family:\n\"Times New Roman\";mso-ansi-language:EN-US'>\nA service report has been created or modified.\n</span>\n</h1>\n<table border=0 cellspacing=0 cellpadding=0>\n<tr>\n<td width=150 valign=top>\n<span lang=EN style=\"color:black; font-size:12pt\">Version</span>\n</td>\n<td width=500 valign=top>\n<strong>\n<span lang=DE style=\"color:black; font-size:12pt\">\nV@{triggerBody()?['MyVersion']}\n</span>\n</strong>\n</td>\n</tr>\n<tr>\n<td width=150 valign=top><span lang=DE style=\"color:black; font-size:12pt\">Service type</span></td>\n<td width=500 valign=top><strong>\n<span lang=DE style=\"color:black; font-size:12pt\">\n@{variables('strServiceartEN')}\n</span>\n</strong></td>\n</tr>\n<tr>\n<td width=150 valign=top><span lang=EN style=\"color:black; font-size:12pt\">Date</span></td>\n<td width=500 valign=top><strong><span lang=EN style=\"color:black; font-size:12pt\">\n@{formatDateTime(triggerBody()?['Pruefdatum'],'MM/dd/yyyy')}\n</span></strong></td>\n</tr>\n<tr>\n<td  valign=top>\n<span lang=EN style=\"color:black; font-size:12pt\">\nTechnician\n</span>\n</td>\n<td  valign=top>\n<strong>\n<span lang=EN style=\"color:black; font-size:12pt\">\n@{triggerBody()?['Pruefer']}\n</span>\n</strong>\n</td>\n</tr>\n<tr>\n<td  valign=top><span lang=EN style=\"color:black; font-size:12pt\">File name</span></td>\n<td  valign=top><strong><span lang=EN style=\"color:black; font-size:12pt\">\n@{triggerBody()?['KEY']}.pdf\n</span></strong>\n</td>\n</tr>\n<tr>\n<td  valign=top><span lang=EN style=\"color:black; font-size:12pt\">&nbsp;</span></td>\n<td  valign=top><strong><span lang=EN style=\"color:black; font-size:12pt\">&nbsp;</span></strong></td>\n</tr>\n<tr>\n<td  valign=top><span lang=EN style=\"color:black; font-size:12pt\">Customer</span></td>\n<td  valign=top><strong><span lang=EN style=\"color:black; font-size:12pt\">\n@{triggerBody()?['Kunde']}, @{triggerBody()?['Kundenort']} (@{triggerBody()?['Kunden_x002d_Nr']})\n</span></strong></td>\n</tr>\n<tr>\n<td  valign=top><span lang=EN style=\"color:black; font-size:12pt\">Inventory</span></td>\n<td  valign=top><strong><span lang=EN style=\"color:black; font-size:12pt\">\n@{triggerBody()?['Hersteller']} @{triggerBody()?['Geraeteart']} (@{triggerBody()?['MA_x0020_INV_x002d_Nr']})\n</span></strong></td>\n</tr>\n</table>\n\n<p>\n<span lang=EN style=\"color:black; font-size:12pt;\">\nThe service report is saved in our SharePoint document library. Please open the Power App <b>pssServicePhone</b> on your phone OR the Power App <b>pssServiceBoard</b> on your tablet / PC and check the report. If everything is fine, please approve. Otherwise make the necessary adjustments, request a new service report and wait for the new version.\n</span>\n</p>\n\n<table cellspacing=\"0\" cellpadding=\"0\">\n<tr>\n<td lang=EN style=\"border-radius: 2px;\" bgcolor=\"#80ffff\">\n<a href=\"@{variables('pobvol Service Phone Weblink')}&amp;Key=\" target=\"_blank\" style=\"padding: 8px 12px; border: 1px solid #000000;border-radius: 2px;font-family: Helvetica, Arial, sans-serif;font-size: 14px; color: #000000;text-decoration: none;font-weight:bold;display: inline-block;\">pssServicePhone</a></td>\n<td>&nbsp;&nbsp;</td>\n<td lang=EN style=\"border-radius: 2px;\" bgcolor=\"#80ffff\">\n<a href=\"@{variables('pobvol Service Board Weblink')}&amp;Key=\" target=\"_blank\" style=\"padding: 8px 12px; border: 1px solid #000000;border-radius: 2px;font-family: Helvetica, Arial, sans-serif;font-size: 14px; color: #000000;text-decoration: none;font-weight:bold;display: inline-block;\">pssServiceBoard</a></td>\n<tr>\n<tr><td>&nbsp;</td></tr>\n</table>\n\n</td>\n<td width=\"20%\"></td>\n</tr>\n</table>\n"
              },
              "metadata": {
                "operationMetadataId": "6ecccff4-22b5-4643-942e-17354f25166d"
              }
            }
          },
          "else": {
            "actions": {}
          },
          "runAfter": {
            "Initialize_variable_strEMailText": [
              "Succeeded"
            ]
          },
          "metadata": {
            "operationMetadataId": "682e5c3f-33a2-47c1-ad99-7c2060d28845"
          }
        },
        "Mail_text_for_treatment_protocol": {
          "type": "If",
          "expression": {
            "and": [
              {
                "equals": [
                  "@triggerBody()?['Geraetetyp']",
                  "Ayurveda"
                ]
              }
            ]
          },
          "actions": {
            "Append_to_string_variable_strEmailText_1": {
              "type": "AppendToStringVariable",
              "inputs": {
                "name": "strEmailText",
                "value": "\n<table border=0 cellspacing=0 cellpadding=0>\n<tr><td width=\"20%\"></td>\n\n<td width=\"60%\">\n\n\n<p align=right style='text-align:right'><span lang=EN style='font-size:10.0pt'><a\nhref=\"#_A_service_report\">English version below</a> </span></p>\n\n<h1>\n<span lang=DE style='mso-fareast-font-family:\"Times New Roman\"'>\nEin Behandlungsprotokoll wurde erstellt oder angepasst.\n</span>\n</h1>\n\n<table border=0 cellspacing=0 cellpadding=0>\n<tr>\n<td width=150 valign=top>\n<span lang=DE style=\"color:black; font-size:12pt\">\nBehandlungsart\n</span>\n</td>\n<td width=500 valign=top>\n<strong>\n<span lang=DE style=\"color:black; font-size:12pt\">\n@{variables('strServiceartDE')}\n</span>\n</strong>\n</td>\n</tr>\n<tr>\n<td width=150 valign=top><span lang=DE style=\"color:black; font-size:12pt\">\nDatum\n</span></td>\n<td width=500 valign=top><strong><span lang=DE style=\"color:black; font-size:12pt\">\n@{formatDateTime(triggerBody()?['Pruefdatum'],'dd.MM.yyyy')}\n</span></strong></td>\n</tr>\n<tr>\n<td  valign=top><span lang=DE style=\"color:black; font-size:12pt\">\nHeilpraktiker\n</span></td>\n<td  valign=top><strong><span lang=DE style=\"color:black; font-size:12pt\">\n@{triggerBody()?['Pruefer']}\n</span></strong></td>\n</tr>\n<tr>\n<td  valign=top><span lang=DE style=\"color:black; font-size:12pt\">\nDateiname\n</span></td>\n<td  valign=top>\n<strong>\n<span lang=DE style=\"color:black; font-size:12pt\">\n@{triggerBody()?['KEY']}.pdf\n</span>\n</strong>\n</td>\n</tr>\n<tr><td>&nbsp;</td><td>&nbsp;</td></tr>\n<tr>\n<td  valign=top>\n<span lang=DE style=\"color:black; font-size:12pt\">\nPatient\n</span>\n</td>\n<td  valign=top>\n<strong>\n<span lang=DE style=\"color:black; font-size:12pt\">\n@{triggerBody()?['Kunde']}, @{triggerBody()?['Kundenort']} (@{triggerBody()?['Kunden_x002d_Nr']})\n</span>\n</strong>\n</td>\n</tr>\n</table>\n\n<p>\n<span lang=DE style=\"color:black; font-size:12pt\">\nDas Behandlungsprotokoll liegt auf dem SharePoint. Bitte rufen Sie die Power App <b>pobvol Service Phone</b> auf Ihrem Smartphone ODER die Power App <b>pobvol Service Board</b> auf Ihrem Tablet / PC auf und prüfen Sie das Protokoll. Sollte alles stimmen, dann bitte genehmigen. Ansonsten die notwendigen Anpassungen vornehmen, ein neues Protokoll anfordern und auf die neue Version warten.</span>\n</p>\n\n<table cellspacing=\"0\" cellpadding=\"0\">\n<tr>\n<td lang=DE style=\"border-radius: 2px;\" bgcolor=\"#80ffff\">\n<a href=\"@{variables('pobvol Service Phone Weblink')}&amp;Key=\" target=\"_blank\" style=\"padding: 8px 12px; border: 1px solid #000000;border-radius: 2px;font-family: Helvetica, Arial, sans-serif;font-size: 14px; color: #000000;text-decoration: none;font-weight:bold;display: inline-block;\">pobvol Service Phone</a></td>\n<td>&nbsp;&nbsp;</td>\n<td lang=DE style=\"border-radius: 2px;\" bgcolor=\"#80ffff\">\n<a href=\"@{variables('pobvol Service Board Weblink')}&amp;Key=\" target=\"_blank\" style=\"padding: 8px 12px; border: 1px solid #000000;border-radius: 2px;font-family: Helvetica, Arial, sans-serif;font-size: 14px; color: #000000;text-decoration: none;font-weight:bold;display: inline-block;\">pobvol Service Board</a></td>\n</tr>\n<tr><td>&nbsp;</td></tr> \n</table>\n\n<hr>\n\n<h1>\n<a name=\"_A_service_report\"></a>\n<span lang=EN-US style='mso-fareast-font-family:\n\"Times New Roman\";mso-ansi-language:EN-US'>\nA treatment protocol has been created or modified.\n</span>\n</h1>\n<table border=0 cellspacing=0 cellpadding=0>\n<tr>\n<td width=150 valign=top><span lang=DE style=\"color:black; font-size:12pt\">\nTreatment type\n</span></td>\n<td width=500 valign=top><strong>\n<span lang=DE style=\"color:black; font-size:12pt\">\n@{variables('strServiceartEN')}\n</span>\n</strong></td>\n</tr>\n<tr>\n<td width=150 valign=top><span lang=EN style=\"color:black; font-size:12pt\">\nDate\n</span></td>\n<td width=500 valign=top><strong><span lang=EN style=\"color:black; font-size:12pt\">\n@{formatDateTime(triggerBody()?['Pruefdatum'],'MM/dd/yyyy')}\n</span></strong></td>\n</tr>\n<tr>\n<td  valign=top>\n<span lang=EN style=\"color:black; font-size:12pt\">\nHealer\n</span>\n</td>\n<td  valign=top>\n<strong>\n<span lang=EN style=\"color:black; font-size:12pt\">\n@{triggerBody()?['Pruefer']}\n</span>\n</strong>\n</td>\n</tr>\n<tr>\n<td  valign=top><span lang=EN style=\"color:black; font-size:12pt\">File name</span></td>\n<td  valign=top><strong><span lang=EN style=\"color:black; font-size:12pt\">\n@{triggerBody()?['KEY']}.pdf\n</span></strong>\n</td>\n</tr>\n<tr>\n<td  valign=top><span lang=EN style=\"color:black; font-size:12pt\">&nbsp;</span></td>\n<td  valign=top><strong><span lang=EN style=\"color:black; font-size:12pt\">&nbsp;</span></strong></td>\n</tr>\n<tr>\n<td  valign=top><span lang=EN style=\"color:black; font-size:12pt\">\nPatient\n</span></td>\n<td  valign=top><strong><span lang=EN style=\"color:black; font-size:12pt\">\n@{triggerBody()?['Kunde']}, @{triggerBody()?['Kundenort']} (@{triggerBody()?['Kunden_x002d_Nr']})\n</span></strong></td>\n</tr>\n</table>\n\n<p>\n<span lang=EN style=\"color:black; font-size:12pt;\">\nThe treatment protocol is saved in the SharePoint document library. Please open the Power App <b>pobvol Service Phone</b> on your phone OR the Power App <b>pobvol Service Board</b> on your tablet / PC and check the report. If everything is fine, please approve. Otherwise make the necessary adjustments, request a new service report and wait for the new version.\n</span>\n</p>\n\n<table cellspacing=\"0\" cellpadding=\"0\">\n<tr>\n<td lang=EN style=\"border-radius: 2px;\" bgcolor=\"#80ffff\">\n<a href=\"@{variables('pobvol Service Phone Weblink')}&amp;Key=\" target=\"_blank\" style=\"padding: 8px 12px; border: 1px solid #000000;border-radius: 2px;font-family: Helvetica, Arial, sans-serif;font-size: 14px; color: #000000;text-decoration: none;font-weight:bold;display: inline-block;\">pobvol Service Phone</a></td>\n<td>&nbsp;&nbsp;</td>\n<td lang=EN style=\"border-radius: 2px;\" bgcolor=\"#80ffff\">\n<a href=\"@{variables('pobvol Service Board Weblink')}&amp;Key=\" target=\"_blank\" style=\"padding: 8px 12px; border: 1px solid #000000;border-radius: 2px;font-family: Helvetica, Arial, sans-serif;font-size: 14px; color: #000000;text-decoration: none;font-weight:bold;display: inline-block;\">pobvol Service Board</a></td>\n<tr>\n<tr><td>&nbsp;</td></tr>\n</table>\n\n</td>\n<td width=\"20%\"></td>\n</tr>\n</table>\n\n\n\n"
              },
              "metadata": {
                "operationMetadataId": "d4bd0fc8-d4ae-49e0-9016-7e87237fe000"
              }
            }
          },
          "else": {
            "actions": {}
          },
          "runAfter": {
            "Mail_text_for_service_report": [
              "Succeeded"
            ]
          },
          "metadata": {
            "operationMetadataId": "49d3cdc9-ee16-4228-8023-3b583a457f3e"
          }
        },
        "Initialize_variable_strEMailText": {
          "type": "InitializeVariable",
          "inputs": {
            "variables": [
              {
                "name": "strEmailText",
                "type": "string",
                "value": "@{null}"
              }
            ]
          },
          "runAfter": {
            "Apply_to_each": [
              "Succeeded"
            ]
          },
          "metadata": {
            "operationMetadataId": "3f41dad7-599a-4730-809c-353af610d9d7"
          }
        },
        "Get_items_from_Servicevorgaenge": {
          "type": "OpenApiConnection",
          "inputs": {
            "parameters": {
              "dataset": "@parameters('EnvTeamseite (pobvol_shared_sharepointonline_674cc35bbaa74bdd9774c9f9a7c59ff2)')",
              "table": "@parameters('Servicevorgaenge (pobvol_shared_sharepointonline_fbaeddd2ed124d13a8aa0b54818e452b)')",
              "$filter": "KEY eq '@{triggerBody()?['KEY']}'",
              "$top": 1
            },
            "host": {
              "apiId": "/providers/Microsoft.PowerApps/apis/shared_sharepointonline",
              "operationId": "GetItems",
              "connectionName": "shared_sharepointonline"
            }
          },
          "runAfter": {
            "Initialize_variable_varTerminID": [
              "Succeeded"
            ]
          },
          "metadata": {
            "operationMetadataId": "51c55623-e5ed-4ed5-9564-efea14f6cb67"
          }
        },
        "Apply_to_each_1": {
          "type": "Foreach",
          "foreach": "@outputs('Get_items_from_Servicevorgaenge')?['body/value']",
          "actions": {
            "Update_item_in_Servicevorgaenge": {
              "type": "OpenApiConnection",
              "inputs": {
                "parameters": {
                  "dataset": "@parameters('EnvTeamseite (pobvol_shared_sharepointonline_674cc35bbaa74bdd9774c9f9a7c59ff2)')",
                  "table": "@parameters('Servicevorgaenge (pobvol_shared_sharepointonline_fbaeddd2ed124d13a8aa0b54818e452b)')",
                  "id": "@item()?['ID']",
                  "item/Title": "@item()?['Title']",
                  "item/DocumentStatus": "Closed"
                },
                "host": {
                  "apiId": "/providers/Microsoft.PowerApps/apis/shared_sharepointonline",
                  "operationId": "PatchItem",
                  "connectionName": "shared_sharepointonline"
                }
              },
              "runAfter": {
                "Set_variable_varTerminID": [
                  "Succeeded"
                ]
              },
              "metadata": {
                "operationMetadataId": "79d41d65-35f8-4348-b515-4cb37bdf5d0d"
              }
            },
            "Set_variable_varTerminID": {
              "type": "SetVariable",
              "inputs": {
                "name": "varTerminID",
                "value": "@If(equals(item()?['TerminID'],null),0,int(item()?['TerminID']))"
              },
              "metadata": {
                "operationMetadataId": "7941226e-07f8-407d-9830-5f6cd2046c4f"
              }
            }
          },
          "runAfter": {
            "Get_items_from_Servicevorgaenge": [
              "Succeeded"
            ]
          },
          "metadata": {
            "operationMetadataId": "48a1822c-df14-4d4b-acb5-188d5f8169e6"
          }
        },
        "Initialize_variable_varTerminID": {
          "type": "InitializeVariable",
          "inputs": {
            "variables": [
              {
                "name": "varTerminID",
                "type": "integer",
                "value": "@null"
              }
            ]
          },
          "runAfter": {},
          "metadata": {
            "operationMetadataId": "7b0561c9-539e-4611-8454-e05d45a00d2b"
          }
        },
        "Condition_Patch_Serviceauftrag_if_TerminID_found": {
          "type": "If",
          "expression": {
            "and": [
              {
                "greater": [
                  "@variables('varTerminID')",
                  0
                ]
              }
            ]
          },
          "actions": {
            "Get_items_from_Serviceauftraege": {
              "type": "OpenApiConnection",
              "inputs": {
                "parameters": {
                  "dataset": "@parameters('EnvTeamseite (pobvol_shared_sharepointonline_674cc35bbaa74bdd9774c9f9a7c59ff2)')",
                  "table": "@parameters('Serviceauftraege (pobvol_UVVTeamKalender)')",
                  "$filter": "ID eq @{variables('varTerminID')}",
                  "$top": 1
                },
                "host": {
                  "apiId": "/providers/Microsoft.PowerApps/apis/shared_sharepointonline",
                  "operationId": "GetItems",
                  "connectionName": "shared_sharepointonline"
                }
              },
              "metadata": {
                "operationMetadataId": "439bc6b0-a776-416e-a8cb-46b6056f9ffc"
              }
            },
            "Apply_to_each_2": {
              "type": "Foreach",
              "foreach": "@outputs('Get_items_from_Serviceauftraege')?['body/value']",
              "actions": {
                "Update_item_in_Serviceauftraege": {
                  "type": "OpenApiConnection",
                  "inputs": {
                    "parameters": {
                      "dataset": "@parameters('EnvTeamseite (pobvol_shared_sharepointonline_674cc35bbaa74bdd9774c9f9a7c59ff2)')",
                      "table": "@parameters('Serviceauftraege (pobvol_UVVTeamKalender)')",
                      "id": "@variables('varTerminID')",
                      "item/Title": "@item()?['Title']",
                      "item/Anfangszeit": "@item()?['Anfangszeit']",
                      "item/KDNR": "@item()?['KDNR']",
                      "item/Serviceart": "@item()?['Serviceart']",
                      "item/INVNR": "@item()?['INVNR']",
                      "item/Ort": "@item()?['Ort']",
                      "item/Endzeit": "@item()?['Endzeit']",
                      "item/GeraetetypCode": "@item()?['GeraetetypCode']",
                      "item/PruefberichtGefunden": "@triggerBody()?['ID']"
                    },
                    "host": {
                      "apiId": "/providers/Microsoft.PowerApps/apis/shared_sharepointonline",
                      "operationId": "PatchItem",
                      "connectionName": "shared_sharepointonline"
                    }
                  },
                  "metadata": {
                    "operationMetadataId": "274ff7af-c24a-4360-9538-0fae16f285ec"
                  }
                }
              },
              "runAfter": {
                "Get_items_from_Serviceauftraege": [
                  "Succeeded"
                ]
              },
              "metadata": {
                "operationMetadataId": "997aa460-32f2-4675-acb1-b5a01701077d"
              }
            }
          },
          "else": {
            "actions": {}
          },
          "runAfter": {
            "Apply_to_each_1": [
              "Succeeded"
            ]
          },
          "metadata": {
            "operationMetadataId": "3cc8b839-efa6-400e-a68c-b3224e29618f"
          }
        }
      }
    },
    "templateName": null
  },
  "schemaVersion": "1.0.0.0"
}