{
  "properties": {
    "connectionReferences": {
      "shared_sharepointonline": {
        "runtimeSource": "embedded",
        "connection": {
          "connectionReferenceLogicalName": "pobvol_sharedsharepointonline_03a21"
        },
        "api": {
          "name": "shared_sharepointonline"
        }
      },
      "shared_sharepointonline_1": {
        "runtimeSource": "embedded",
        "connection": {
          "connectionReferenceLogicalName": "pobvol_sharedsharepointonline_db0bc"
        },
        "api": {
          "name": "shared_sharepointonline"
        }
      }
    },
    "definition": {
      "$schema": "https://schema.management.azure.com/providers/Microsoft.Logic/schemas/2016-06-01/workflowdefinition.json#",
      "contentVersion": "1.0.0.0",
      "parameters": {
        "$connections": {
          "defaultValue": {},
          "type": "Object"
        },
        "$authentication": {
          "defaultValue": {},
          "type": "SecureObject"
        },
        "EnvTeamseite (pobvol_shared_sharepointonline_674cc35bbaa74bdd9774c9f9a7c59ff2)": {
          "defaultValue": "https://pobvol.sharepoint.com/sites/pssService",
          "type": "String",
          "metadata": {
            "schemaName": "pobvol_shared_sharepointonline_674cc35bbaa74bdd9774c9f9a7c59ff2",
            "description": "hier eine Teamseite zuordnen"
          }
        },
        "Einstellungen (pobvol_UVVSystemSettings)": {
          "defaultValue": "a63eb858-2182-4293-9423-623e1f0752b8",
          "type": "String",
          "metadata": {
            "schemaName": "pobvol_UVVSystemSettings"
          }
        },
        "DokumenteRootFolder (pobvol_DokumenteRootFolder)": {
          "defaultValue": "/Freigegebene Dokumente",
          "type": "String",
          "metadata": {
            "schemaName": "pobvol_DokumenteRootFolder",
            "description": "/Freigegebene Dokumente"
          }
        },
        "Bilder (pobvol_UVVImages)": {
          "defaultValue": "ab8f15f4-db02-460d-b39f-87c372863740",
          "type": "String",
          "metadata": {
            "schemaName": "pobvol_UVVImages"
          }
        }
      },
      "triggers": {
        "When_an_item_is_created_or_modified_in_Bilder": {
          "recurrence": {
            "interval": 5,
            "frequency": "Minute"
          },
          "splitOn": "@triggerOutputs()?['body/value']",
          "metadata": {
            "operationMetadataId": "307c70b2-b3ae-413a-bda6-0eb29c7b2c65"
          },
          "type": "OpenApiConnection",
          "inputs": {
            "host": {
              "connectionName": "shared_sharepointonline",
              "operationId": "GetOnUpdatedItems",
              "apiId": "/providers/Microsoft.PowerApps/apis/shared_sharepointonline"
            },
            "parameters": {
              "dataset": "@parameters('EnvTeamseite (pobvol_shared_sharepointonline_674cc35bbaa74bdd9774c9f9a7c59ff2)')",
              "table": "@parameters('Bilder (pobvol_UVVImages)')"
            },
            "authentication": "@parameters('$authentication')"
          },
          "conditions": [
            {
              "expression": "@equals(triggerBody()?['BildSPItemId'], 'SavePicture')"
            }
          ]
        }
      },
      "actions": {
        "Condition_BildSPItemId_is_equal_to_SavePicture": {
          "actions": {
            "Compose": {
              "runAfter": {},
              "metadata": {
                "operationMetadataId": "ec3fb5a6-c925-48c9-82a5-7fc5c2b6c43e"
              },
              "type": "Compose",
              "inputs": "@DataURItobinary(triggerOutputs()?['body/Image'])"
            },
            "Create_file": {
              "runAfter": {
                "Compose": [
                  "Succeeded"
                ]
              },
              "metadata": {
                "operationMetadataId": "62f1148f-e88a-4746-bee3-20027fe6fa43"
              },
              "type": "OpenApiConnection",
              "inputs": {
                "host": {
                  "connectionName": "shared_sharepointonline",
                  "operationId": "CreateFile",
                  "apiId": "/providers/Microsoft.PowerApps/apis/shared_sharepointonline"
                },
                "parameters": {
                  "dataset": "@parameters('EnvTeamseite (pobvol_shared_sharepointonline_674cc35bbaa74bdd9774c9f9a7c59ff2)')",
                  "folderPath": "@{parameters('DokumenteRootFolder (pobvol_DokumenteRootFolder)')}/@{variables('TeamsChannelFolder')}/@{variables('strServiceReportPath')}/@{variables('strKDNR')}",
                  "name": "@triggerOutputs()?['body/Bildname']",
                  "body": "@outputs('Compose')"
                },
                "authentication": "@parameters('$authentication')"
              },
              "runtimeConfiguration": {
                "contentTransfer": {
                  "transferMode": "Chunked"
                }
              }
            },
            "Update_item_in_Bilder": {
              "runAfter": {
                "Create_file": [
                  "Succeeded"
                ]
              },
              "metadata": {
                "operationMetadataId": "39428ccc-90ef-45af-95df-2d6e12b26cff"
              },
              "type": "OpenApiConnection",
              "inputs": {
                "host": {
                  "connectionName": "shared_sharepointonline",
                  "operationId": "PatchItem",
                  "apiId": "/providers/Microsoft.PowerApps/apis/shared_sharepointonline"
                },
                "parameters": {
                  "dataset": "@parameters('EnvTeamseite (pobvol_shared_sharepointonline_674cc35bbaa74bdd9774c9f9a7c59ff2)')",
                  "table": "@parameters('Bilder (pobvol_UVVImages)')",
                  "id": "@triggerOutputs()?['body/ID']",
                  "item/Title": "@triggerOutputs()?['body/Title']",
                  "item/KundenNr": "@triggerOutputs()?['body/KundenNr']",
                  "item/InventarNr": "@triggerOutputs()?['body/InventarNr']",
                  "item/KEY": "@triggerOutputs()?['body/KEY']",
                  "item/Pos": "@triggerOutputs()?['body/Pos']",
                  "item/Image": "@triggerOutputs()?['body/Image']",
                  "item/Bildname": "@triggerOutputs()?['body/Bildname']",
                  "item/BildSPItemId": "@outputs('Create_file')?['body/Id']"
                },
                "authentication": "@parameters('$authentication')"
              }
            }
          },
          "runAfter": {
            "Initialize_variable_UVVImagesID_=_0": [
              "Succeeded"
            ]
          },
          "expression": {
            "and": [
              {
                "equals": [
                  "@triggerOutputs()?['body/BildSPItemId']",
                  "SavePicture"
                ]
              },
              {
                "not": {
                  "equals": [
                    "@triggerBody()?['Image']",
                    "@null"
                  ]
                }
              },
              {
                "not": {
                  "equals": [
                    "@variables('strServiceReportPath')",
                    "@Null"
                  ]
                }
              },
              {
                "not": {
                  "equals": [
                    "@variables('strKDNR')",
                    "@Null"
                  ]
                }
              },
              {
                "not": {
                  "equals": [
                    "@variables('TeamsChannelFolder')",
                    "@null"
                  ]
                }
              }
            ]
          },
          "metadata": {
            "operationMetadataId": "a9af10bf-aa5a-42ec-aba0-1c2a1900591e"
          },
          "type": "If"
        },
        "Initialize_variable_UVVImagesID_=_0": {
          "runAfter": {
            "Apply_to_each_entry_found_in_Einstellungen2": [
              "Succeeded"
            ]
          },
          "metadata": {
            "operationMetadataId": "15d484d0-e7f8-48a0-ba4f-d45f42df1213"
          },
          "type": "InitializeVariable",
          "inputs": {
            "variables": [
              {
                "name": "UVVImagesID",
                "type": "integer",
                "value": 0
              }
            ]
          }
        },
        "Initialize_variable_strServiceReportPath": {
          "runAfter": {},
          "metadata": {
            "operationMetadataId": "304a29b3-377d-42be-b7b3-d1562e32edbd"
          },
          "type": "InitializeVariable",
          "inputs": {
            "variables": [
              {
                "name": "strServiceReportPath",
                "type": "string",
                "value": "@{Null}"
              }
            ]
          }
        },
        "Get_items_Service_reports_are_saved_in_folder": {
          "runAfter": {
            "Initialize_variable_strKDNR": [
              "Succeeded"
            ]
          },
          "metadata": {
            "operationMetadataId": "07f1f989-1122-4a4d-af1b-60ca8f9c1694"
          },
          "type": "OpenApiConnection",
          "inputs": {
            "host": {
              "connectionName": "shared_sharepointonline",
              "operationId": "GetItems",
              "apiId": "/providers/Microsoft.PowerApps/apis/shared_sharepointonline"
            },
            "parameters": {
              "dataset": "@parameters('EnvTeamseite (pobvol_shared_sharepointonline_674cc35bbaa74bdd9774c9f9a7c59ff2)')",
              "table": "@parameters('Einstellungen (pobvol_UVVSystemSettings)')",
              "$filter": "Title eq 'Service reports are saved in folder'",
              "$top": 1
            },
            "authentication": "@parameters('$authentication')"
          }
        },
        "Initialize_variable_strKDNR": {
          "runAfter": {
            "Initialize_variable_TeamsChannelFolder": [
              "Succeeded"
            ]
          },
          "metadata": {
            "operationMetadataId": "1e6bcd8e-b3eb-4d39-b50f-b930db6c86e3"
          },
          "type": "InitializeVariable",
          "inputs": {
            "variables": [
              {
                "name": "strKDNR",
                "type": "string",
                "value": "@triggerOutputs()?['body/KundenNr']"
              }
            ]
          }
        },
        "Apply_to_each": {
          "foreach": "@outputs('Get_items_Service_reports_are_saved_in_folder')?['body/value']",
          "actions": {
            "Set_variable_strServiceReportPath": {
              "runAfter": {},
              "metadata": {
                "operationMetadataId": "bba9524d-fb02-40ad-9aa8-86e44a9c7ba5"
              },
              "type": "SetVariable",
              "inputs": {
                "name": "strServiceReportPath",
                "value": "@item()?['Wert']"
              }
            }
          },
          "runAfter": {
            "Get_items_Service_reports_are_saved_in_folder": [
              "Succeeded"
            ]
          },
          "metadata": {
            "operationMetadataId": "f41be9ca-a292-45fc-9442-2fe0c336f38c"
          },
          "type": "Foreach"
        },
        "Initialize_variable_TeamsChannelFolder": {
          "runAfter": {
            "Initialize_variable_strServiceReportPath": [
              "Succeeded"
            ]
          },
          "metadata": {
            "operationMetadataId": "13c78115-2f81-4c2b-858d-150d41c353e8"
          },
          "type": "InitializeVariable",
          "inputs": {
            "variables": [
              {
                "name": "TeamsChannelFolder",
                "type": "string",
                "value": "@{null}"
              }
            ]
          }
        },
        "Get_items_SharePoint.TeamsChannelFolder": {
          "runAfter": {
            "Apply_to_each": [
              "Succeeded"
            ]
          },
          "metadata": {
            "operationMetadataId": "5bdf8b36-eb27-48b1-88a9-3e1c115f0682"
          },
          "type": "OpenApiConnection",
          "inputs": {
            "host": {
              "connectionName": "shared_sharepointonline_1",
              "operationId": "GetItems",
              "apiId": "/providers/Microsoft.PowerApps/apis/shared_sharepointonline"
            },
            "parameters": {
              "dataset": "@parameters('EnvTeamseite (pobvol_shared_sharepointonline_674cc35bbaa74bdd9774c9f9a7c59ff2)')",
              "table": "@parameters('Einstellungen (pobvol_UVVSystemSettings)')",
              "$filter": "Title eq 'SharePoint.TeamsChannelFolder'",
              "$top": 1
            },
            "authentication": "@parameters('$authentication')"
          }
        },
        "Apply_to_each_entry_found_in_Einstellungen2": {
          "foreach": "@outputs('Get_items_SharePoint.TeamsChannelFolder')?['body/value']",
          "actions": {
            "Set_variable_TeamsChannelFolder": {
              "runAfter": {},
              "metadata": {
                "operationMetadataId": "d456d4e0-3680-44cc-83f7-c1c2b342932c"
              },
              "type": "SetVariable",
              "inputs": {
                "name": "TeamsChannelFolder",
                "value": "@items('Apply_to_each_entry_found_in_Einstellungen2')?['Wert']"
              }
            }
          },
          "runAfter": {
            "Get_items_SharePoint.TeamsChannelFolder": [
              "Succeeded"
            ]
          },
          "metadata": {
            "operationMetadataId": "af72d5b9-3bc6-44d6-a32e-23d76c6d5308"
          },
          "type": "Foreach"
        }
      }
    },
    "templateName": ""
  },
  "schemaVersion": "1.0.0.0"
}