{
  "properties": {
    "connectionReferences": {
      "shared_sharepointonline": {
        "runtimeSource": "invoker",
        "connection": {
          "connectionReferenceLogicalName": "pobvol_sharedsharepointonline_db0bc"
        },
        "api": {
          "name": "shared_sharepointonline"
        }
      }
    },
    "definition": {
      "$schema": "https://schema.management.azure.com/providers/Microsoft.Logic/schemas/2016-06-01/workflowdefinition.json#",
      "contentVersion": "undefined",
      "parameters": {
        "$connections": {
          "defaultValue": {},
          "type": "Object"
        },
        "$authentication": {
          "defaultValue": {},
          "type": "SecureObject"
        },
        "EnvTeamseite (pobvol_shared_sharepointonline_674cc35bbaa74bdd9774c9f9a7c59ff2)": {
          "defaultValue": "https://pobvol.sharepoint.com/sites/pssService",
          "type": "String",
          "metadata": {
            "schemaName": "pobvol_shared_sharepointonline_674cc35bbaa74bdd9774c9f9a7c59ff2",
            "description": "hier eine Teamseite zuordnen"
          }
        },
        "Dokumente (pobvol_shared_sharepointonline_f7b59932fe464c11bb810a7e6aa5810b)": {
          "defaultValue": "ea8c1b54-eeda-47db-b421-f5c91c740d90",
          "type": "String",
          "metadata": {
            "schemaName": "pobvol_shared_sharepointonline_f7b59932fe464c11bb810a7e6aa5810b",
            "description": "Zeiger für die SharePoint-Bibliothek Dokumente"
          }
        }
      },
      "triggers": {
        "manual": {
          "metadata": {
            "operationMetadataId": "b0ed6b77-c07d-4de5-ad4d-3d65d1df80a0"
          },
          "type": "Request",
          "kind": "PowerAppV2",
          "inputs": {
            "schema": {
              "type": "object",
              "properties": {
                "text": {
                  "description": "Please enter your input",
                  "title": "Input",
                  "type": "string",
                  "x-ms-content-hint": "TEXT",
                  "x-ms-dynamically-added": true
                }
              },
              "required": []
            }
          }
        }
      },
      "actions": {
        "Compose:_Number_of_list_items": {
          "runAfter": {
            "Set_variable_varListItems": [
              "Succeeded"
            ]
          },
          "metadata": {
            "operationMetadataId": "500ff6db-5ea0-4505-8a3b-f34233cb2c13"
          },
          "type": "Compose",
          "inputs": "@length(outputs('Get_items_from_Dokumente')?['body/value'])"
        },
        "Respond_to_a_Power_App_or_flow": {
          "runAfter": {
            "Set_variable_varNumberListItems": [
              "Succeeded"
            ]
          },
          "metadata": {
            "operationMetadataId": "264f5ac9-56a7-4ff9-acf8-6a13165777f1"
          },
          "type": "Response",
          "kind": "PowerApp",
          "inputs": {
            "statusCode": 200,
            "body": {
              "numberlistitems": "@{variables('varNumberListItems')}",
              "result": "@{variables('varListItems')}"
            },
            "schema": {
              "type": "object",
              "properties": {
                "numberlistitems": {
                  "title": "NumberListItems",
                  "x-ms-dynamically-added": true,
                  "type": "number"
                },
                "result": {
                  "title": "Result",
                  "x-ms-dynamically-added": true,
                  "type": "string"
                }
              }
            }
          }
        },
        "Get_items_from_Dokumente": {
          "runAfter": {
            "Initialize_variable_varNumberListItems": [
              "Succeeded"
            ]
          },
          "metadata": {
            "operationMetadataId": "de54775a-299f-459b-a802-cc0d6b91d157"
          },
          "type": "OpenApiConnection",
          "inputs": {
            "host": {
              "connectionName": "shared_sharepointonline",
              "operationId": "GetItems",
              "apiId": "/providers/Microsoft.PowerApps/apis/shared_sharepointonline"
            },
            "parameters": {
              "dataset": "@parameters('EnvTeamseite (pobvol_shared_sharepointonline_674cc35bbaa74bdd9774c9f9a7c59ff2)')",
              "table": "@parameters('Dokumente (pobvol_shared_sharepointonline_f7b59932fe464c11bb810a7e6aa5810b)')",
              "viewScopeOption": "RecursiveAll",
              "$top": 5000
            },
            "authentication": "@parameters('$authentication')"
          },
          "runtimeConfiguration": {
            "paginationPolicy": {
              "minimumItemCount": 100000
            }
          }
        },
        "Initialize_variable_varListItems": {
          "runAfter": {},
          "metadata": {
            "operationMetadataId": "c2467a5e-1d3d-453e-b365-26919dfe2a4d"
          },
          "type": "InitializeVariable",
          "inputs": {
            "variables": [
              {
                "name": "varListItems",
                "type": "array"
              }
            ]
          }
        },
        "Set_variable_varListItems": {
          "runAfter": {
            "Data_Operations_Select_Dokumente_information": [
              "Succeeded"
            ]
          },
          "metadata": {
            "operationMetadataId": "39722aa2-c1ba-41a9-a2e4-8f60d4f65b73"
          },
          "type": "SetVariable",
          "inputs": {
            "name": "varListItems",
            "value": "@body('Data_Operations_Select_Dokumente_information')"
          }
        },
        "Initialize_variable_varNumberListItems": {
          "runAfter": {
            "Initialize_variable_varListItems": [
              "Succeeded"
            ]
          },
          "metadata": {
            "operationMetadataId": "3deabc98-d70e-4823-a17b-9d889247c7e9"
          },
          "type": "InitializeVariable",
          "inputs": {
            "variables": [
              {
                "name": "varNumberListItems",
                "type": "integer",
                "value": 0
              }
            ]
          }
        },
        "Set_variable_varNumberListItems": {
          "runAfter": {
            "Compose:_Number_of_list_items": [
              "Succeeded"
            ]
          },
          "metadata": {
            "operationMetadataId": "06556616-3b19-4cfb-8419-106855b3a760"
          },
          "type": "SetVariable",
          "inputs": {
            "name": "varNumberListItems",
            "value": "@outputs('Compose:_Number_of_list_items')"
          }
        },
        "Data_Operations_Select_Dokumente_information": {
          "runAfter": {
            "Get_items_from_Dokumente": [
              "Succeeded"
            ]
          },
          "metadata": {
            "operationMetadataId": "f61a91c1-cb24-4dbc-9bfa-f0badb441cd3"
          },
          "type": "Select",
          "inputs": {
            "from": "@outputs('Get_items_from_Dokumente')?['body/value']",
            "select": {
              "ID": "@item()?['ID']",
              "FullPath": "@{item()?['{FullPath}']}"
            }
          }
        }
      }
    },
    "templateName": ""
  },
  "schemaVersion": "1.0.0.0"
}