{
  "properties": {
    "connectionReferences": {
      "shared_sharepointonline": {
        "api": {
          "name": "shared_sharepointonline"
        },
        "connection": {
          "connectionReferenceLogicalName": "pobvol_sharedsharepointonline_03a21"
        },
        "runtimeSource": "embedded"
      },
      "shared_office365_1": {
        "api": {
          "name": "shared_office365"
        },
        "connection": {
          "connectionReferenceLogicalName": "pobvol_Office365OutlookSharedCalendar"
        },
        "runtimeSource": "embedded"
      },
      "shared_office365users": {
        "api": {
          "name": "shared_office365users"
        },
        "connection": {
          "connectionReferenceLogicalName": "pobvol_sharedoffice365users_6c749"
        },
        "runtimeSource": "embedded"
      }
    },
    "definition": {
      "$schema": "https://schema.management.azure.com/providers/Microsoft.Logic/schemas/2016-06-01/workflowdefinition.json#",
      "contentVersion": "1.0.0.0",
      "parameters": {
        "$authentication": {
          "defaultValue": {},
          "type": "SecureObject"
        },
        "$connections": {
          "defaultValue": {},
          "type": "Object"
        },
        "EnvTeamseite (pobvol_shared_sharepointonline_674cc35bbaa74bdd9774c9f9a7c59ff2)": {
          "defaultValue": "https://pobvol.sharepoint.com/sites/pssService",
          "type": "String",
          "metadata": {
            "schemaName": "pobvol_shared_sharepointonline_674cc35bbaa74bdd9774c9f9a7c59ff2",
            "description": "hier eine Teamseite zuordnen"
          }
        },
        "Serviceberichte (pobvol_shared_sharepointonline_adf13cd6c2034fb49022f1994a804140)": {
          "defaultValue": "80ec4c29-4791-4240-88c8-d7c1981bc203",
          "type": "String",
          "metadata": {
            "schemaName": "pobvol_shared_sharepointonline_adf13cd6c2034fb49022f1994a804140"
          }
        },
        "Einstellungen (pobvol_UVVSystemSettings)": {
          "defaultValue": "a63eb858-2182-4293-9423-623e1f0752b8",
          "type": "String",
          "metadata": {
            "schemaName": "pobvol_UVVSystemSettings"
          }
        },
        "DokumenteRootFolder (pobvol_DokumenteRootFolder)": {
          "defaultValue": "/Freigegebene Dokumente",
          "type": "String",
          "metadata": {
            "schemaName": "pobvol_DokumenteRootFolder",
            "description": "/Freigegebene Dokumente"
          }
        },
        "Servicekunden (pobvol_shared_sharepointonline_19e9c73788c14d0aa8e0343b24c71ec4)": {
          "defaultValue": "305b6341-5bc6-4bfe-86aa-44dc4fddb6d1",
          "type": "String",
          "metadata": {
            "schemaName": "pobvol_shared_sharepointonline_19e9c73788c14d0aa8e0343b24c71ec4"
          }
        },
        "Servicevorgaenge (pobvol_shared_sharepointonline_fbaeddd2ed124d13a8aa0b54818e452b)": {
          "defaultValue": "5eec20f3-c8a6-4aae-9db8-1cedaff60eed",
          "type": "String",
          "metadata": {
            "schemaName": "pobvol_shared_sharepointonline_fbaeddd2ed124d13a8aa0b54818e452b"
          }
        }
      },
      "triggers": {
        "When_a_service_report_is_created_or_modified": {
          "type": "OpenApiConnection",
          "inputs": {
            "parameters": {
              "dataset": "@parameters('EnvTeamseite (pobvol_shared_sharepointonline_674cc35bbaa74bdd9774c9f9a7c59ff2)')",
              "table": "@parameters('Serviceberichte (pobvol_shared_sharepointonline_adf13cd6c2034fb49022f1994a804140)')"
            },
            "host": {
              "apiId": "/providers/Microsoft.PowerApps/apis/shared_sharepointonline",
              "operationId": "GetOnUpdatedItems",
              "connectionName": "shared_sharepointonline"
            }
          },
          "recurrence": {
            "frequency": "Minute",
            "interval": 5
          },
          "conditions": [
            {
              "expression": "@equals(triggerBody()?['Genehmigt'],true)"
            },
            {
              "expression": "@equals(triggerBody()?['Gesendet'],false)"
            },
            {
              "expression": "@not(equals(triggerOutputs()?['body/Geraeteart'], 'Treatment'))"
            }
          ],
          "splitOn": "@triggerOutputs()?['body/value']",
          "metadata": {
            "operationMetadataId": "4a78eeab-c986-4545-a208-2bce00b080f3"
          }
        }
      },
      "actions": {
        "Condition_PrueferIstGast": {
          "type": "If",
          "expression": {
            "contains": [
              "@triggerOutputs()?['body/Pruefer']",
              "(Gast)"
            ]
          },
          "actions": {
            "Set_variable_PrueferIstGast_True": {
              "type": "SetVariable",
              "inputs": {
                "name": "varBooleanPrueferIstGast",
                "value": true
              },
              "metadata": {
                "operationMetadataId": "196d3e7d-f16f-4b30-80aa-601330ad5c09"
              }
            }
          },
          "else": {
            "actions": {
              "Set_variable_PrueferIstGast_False": {
                "type": "SetVariable",
                "inputs": {
                  "name": "varBooleanPrueferIstGast",
                  "value": false
                },
                "metadata": {
                  "operationMetadataId": "b1c3802a-56ca-4484-87dc-68b3f4ee4003"
                }
              }
            }
          },
          "runAfter": {
            "Initialize_variable_PrueferIstGast": [
              "Succeeded"
            ]
          },
          "metadata": {
            "operationMetadataId": "a32901ce-46d5-46c4-b080-973c9b525c71"
          }
        },
        "Send_EMail_to_customer_or_App_Admins": {
          "type": "If",
          "expression": {
            "and": [
              {
                "equals": [
                  "@variables('varSendReportsToCustomers')",
                  true
                ]
              },
              {
                "not": {
                  "equals": [
                    "@variables('varCustomerEMail')",
                    "empty"
                  ]
                }
              },
              {
                "equals": [
                  "@variables('varKommunikationsart')",
                  "elektronisch (per E-Mail)"
                ]
              },
              {
                "not": {
                  "equals": [
                    "@variables('varCustomerEMail')",
                    "@null"
                  ]
                }
              }
            ]
          },
          "actions": {
            "Send_EMail_to_customer": {
              "type": "OpenApiConnection",
              "inputs": {
                "parameters": {
                  "emailMessage/MailboxAddress": "@variables('varStringSharedMailbox')",
                  "emailMessage/To": "@variables('varCustomerEMail')",
                  "emailMessage/Subject": "@variables('varSubject')",
                  "emailMessage/Body": "@{variables('HTMLTemplate')} ",
                  "emailMessage/Cc": "@{variables('varStringSharedMailbox')}; @{variables('varStringPrueferEmail')}",
                  "emailMessage/Attachments": [
                    {
                      "Name": "@{triggerOutputs()?['body/KEY']}.pdf",
                      "ContentBytes": "@body('Get_file_content_using_path_for_pdf_file')"
                    }
                  ],
                  "emailMessage/ReplyTo": "@{variables('varStringSharedMailbox')}; @{variables('varStringPrueferEmail')}",
                  "emailMessage/Importance": "Normal"
                },
                "host": {
                  "apiId": "/providers/Microsoft.PowerApps/apis/shared_office365",
                  "operationId": "SharedMailboxSendEmailV2",
                  "connectionName": "shared_office365_1"
                }
              },
              "metadata": {
                "operationMetadataId": "baa197d9-c7a9-472c-affe-9ad273f9c6e5"
              }
            }
          },
          "else": {
            "actions": {
              "Send_EMail_to_App_Admins": {
                "type": "OpenApiConnection",
                "inputs": {
                  "parameters": {
                    "emailMessage/MailboxAddress": "@variables('varStringSharedMailbox')",
                    "emailMessage/To": "@{variables('varStringSharedMailbox')} ",
                    "emailMessage/Subject": "@{variables('varTeam')}: Bitte Servicebericht an den Kunden senden / Please send service report to the customer",
                    "emailMessage/Body": "\n<table border=\"0\" cellspacing=\"0\" cellpadding=\"0\">\n    <tbody><tr><td></td>\n    \n    <td>\n    \n    \n<p style=\"text-align:right\"><span style=\"font-size:10.0pt\"><a href=\"#_A_service_report\">English version below</a> </span></p>\n\n<h1>\n<span style=\"mso-fareast-font-family:&quot;Times New Roman&quot;\">\nEin Servicebericht wurde genehmigt.\n</span>\n</h1>\n\n<p><span style=\"color:black; font-size:12pt\">\nAnbei finden Sie einen genehmigten Servicebericht. Bitte drucken Sie den Bericht aus und senden Sie diesen per Post an den Kunden.</span></p>\n\n<hr>\n\n<h1>\n<a></a>\n<span style=\"mso-fareast-font-family:\n&quot;Times New Roman&quot;;mso-ansi-language:EN-US\">\nA service report has been approved.\n</span>\n</h1>\n\n<p><span style=\"color:black; font-size:12pt;\">Attached you will find an approved service report. Please print the report and send it by mail to the customer.</span></p>\n\n\n</td></tr></tbody></table>",
                    "emailMessage/Cc": "@variables('varStringPrueferEmail')",
                    "emailMessage/Attachments": [
                      {
                        "Name": "@{triggerOutputs()?['body/KEY']}.pdf",
                        "ContentBytes": "@body('Get_file_content_using_path_for_pdf_file')"
                      }
                    ],
                    "emailMessage/ReplyTo": "@{variables('varStringSharedMailbox')};  @{variables('varStringPrueferEmail')}",
                    "emailMessage/Importance": "Normal"
                  },
                  "host": {
                    "apiId": "/providers/Microsoft.PowerApps/apis/shared_office365",
                    "operationId": "SharedMailboxSendEmailV2",
                    "connectionName": "shared_office365_1"
                  }
                },
                "metadata": {
                  "operationMetadataId": "baa197d9-c7a9-472c-affe-9ad273f9c6e5"
                }
              }
            }
          },
          "runAfter": {
            "HTML_end": [
              "Succeeded"
            ]
          },
          "metadata": {
            "operationMetadataId": "8409a129-f61c-44d3-bd5d-06ebef539ce3"
          }
        },
        "Initialize_variable_SendReportsToCustomers": {
          "type": "InitializeVariable",
          "inputs": {
            "variables": [
              {
                "name": "varSendReportsToCustomers",
                "type": "boolean",
                "value": false
              }
            ]
          },
          "runAfter": {
            "Get_customer": [
              "Succeeded"
            ]
          },
          "metadata": {
            "operationMetadataId": "025bb4c9-1288-496d-a1ac-c9067ab3f893"
          }
        },
        "Initialize_variable_SharedMailbox": {
          "type": "InitializeVariable",
          "inputs": {
            "variables": [
              {
                "name": "varStringSharedMailbox",
                "type": "string",
                "value": "empty"
              }
            ]
          },
          "runAfter": {
            "Load_Logo": [
              "Succeeded"
            ]
          },
          "metadata": {
            "operationMetadataId": "093b5362-db9f-44ea-9155-e0ee854e5297"
          }
        },
        "Initialize_variable_CustomerEMail": {
          "type": "InitializeVariable",
          "inputs": {
            "variables": [
              {
                "name": "varCustomerEMail",
                "type": "string",
                "value": "empty"
              }
            ]
          },
          "runAfter": {
            "Initialize_variable_varKommunikationsart": [
              "Succeeded"
            ]
          },
          "metadata": {
            "operationMetadataId": "1797da04-e3a4-48b0-8e05-1a215db3115d"
          }
        },
        "Initialize_variable_TeamsChannelFolder": {
          "type": "InitializeVariable",
          "inputs": {
            "variables": [
              {
                "name": "TeamsChannelFolder",
                "type": "string",
                "value": "empty"
              }
            ]
          },
          "runAfter": {
            "Get_Service_Report_Path": [
              "Succeeded"
            ]
          },
          "metadata": {
            "operationMetadataId": "74421d30-1431-4759-b9ed-040037500ebf"
          }
        },
        "Initialize_variable_varKundensprache": {
          "type": "InitializeVariable",
          "inputs": {
            "variables": [
              {
                "name": "varKundensprache",
                "type": "string",
                "value": "de"
              }
            ]
          },
          "runAfter": {
            "Get_team": [
              "Succeeded"
            ]
          },
          "metadata": {
            "operationMetadataId": "1122af8c-cd26-4ee8-a02e-a21578b5e81e"
          }
        },
        "Initialize_variable_varKommunikationsart": {
          "type": "InitializeVariable",
          "inputs": {
            "variables": [
              {
                "name": "varKommunikationsart",
                "type": "string",
                "value": "empty"
              }
            ]
          },
          "runAfter": {
            "Initialize_variable_varKundensprache": [
              "Succeeded"
            ]
          },
          "metadata": {
            "operationMetadataId": "858b2a83-ae3c-43a8-9eba-2c8ce05f5ece"
          }
        },
        "Initialize_variable_varTeam": {
          "type": "InitializeVariable",
          "inputs": {
            "variables": [
              {
                "name": "varTeam",
                "type": "string",
                "value": "empty"
              }
            ]
          },
          "runAfter": {},
          "metadata": {
            "operationMetadataId": "5c2a6d84-1039-41b0-9ae8-e8bec262d0e7"
          }
        },
        "Initialize_variable_HTMLTemplate": {
          "type": "InitializeVariable",
          "inputs": {
            "variables": [
              {
                "name": "HTMLTemplate",
                "type": "string",
                "value": "@{null}"
              }
            ]
          },
          "runAfter": {
            "Subject_de_en": [
              "Succeeded"
            ]
          },
          "metadata": {
            "operationMetadataId": "6e995fb7-0902-4b46-a644-f61ad8ce7937"
          }
        },
        "Append_to_string_variable_HTML-Template_(head_and_style)": {
          "type": "AppendToStringVariable",
          "inputs": {
            "name": "HTMLTemplate",
            "value": "<!--Head and style--------------------------------------------------->\n<!DOCTYPE html>\n<html lang=\"@{triggerBody()?['Kundensprache']}\">\n    \n<head>\n    <meta charset=\"UTF-8\">\n    <title>Service report</title>\n\n    <style>\n\n        .page1 {\n            /*table-layout: fixed;*/\n            /*height: 29.7cm;*/\n            /*min-height: 100%;*/\n            /*width: 17cm;*/\n            min-width: 100%;\n            padding: 0px;\n            margin: 0 auto;\n            border: 0px solid black;\n            background: white;\n            /*page-break-inside: auto;*/\n        }\n\n        .page1left {\n            height: 1px;\n            min-width: 2cm;\n        }\n\n        .page1right {\n            height: 1px;\n            min-width: 2cm;\n        }\n\n        .page1header {\n            height: 5.5cm;\n            min-height: 100%;\n        }\n\n        .pagenumber {\n            float: right;\n            text-align: right;\n        }\n\n        @media screen {\n            * {\n                font-family: verdana,sans-serif;\n            }\n        } \n\n\n        @media (min-width: 35em) {\n            img.logo {\n                float: right;\n                margin-left: 0.5em;\n                width: 100px;\n            }\n            img.servicelogo {\n                float: right;\n                margin-left: 0.5em;\n                width: 50px;\n            }\n            img.sign {\n                margin-left: 50px;\n                height: 50px;\n                text-align: center;\n            }\n            img.checkpointimage {\n                float: left;\n                margin-left: 0em;\n                width: 150px;\n            }\n        }\n\n        * {\n            font-size: 14px;\n            line-height: 1.3;\n        }\n\n        p{ \n            padding-top: 0px;\n            margin-top: 0px;\n            padding-bottom: 0px;\n            margin-bottom: 0px;\n        }\n\n        h1{ \n            font-size: 24px;\n            font-weight: bold;\n            padding-top: 5px;\n            padding-bottom: 5px;\n            margin-top: 0px;\n            margin-bottom: 0px;\n        }\n        \n        h2{ \n            font-size: 22px;\n            font-weight: bolder;\n            padding-top: 0px;\n            padding-bottom: 10px;\n            margin-bottom: 0px;\n        }\n\n        h3{\n            font-size: 20px;\n            font-weight: bold;\n            padding-bottom: 1px;\n            margin-bottom: 1px;\n        }\n\n        h4{\n            font-size: 18px;\n            font-weight: bold;\n            padding-bottom: 1px;\n            margin-bottom: 1px;\n        }\n\n        table {\n            width: 100%;\n            padding: 0px;\n            margin: 0px;\n            border-spacing: 0px;\n            border-style: solid;\n            border-width: 1.0px;\n            border-color: darkgray;\n            page-break-inside: auto;\n        }\n        \n        table.noBorder {\n            width: 100%;\n            padding: 0px;\n            margin: 0px;\n            border-style: none;\n            border-width: 0px;\n            border-color: none;\n            page-break-inside: auto;\n        }\n\n        tr { \n            page-break-inside:avoid; \n            page-break-after:auto;\n        }\n\n        th,td {\n            padding: 0px;\n            margin: 0px;\n            padding-left: 2px;\n            padding-right: 5px;\n            text-align: start;\n            vertical-align:top;\n        }\n\n        #tdnormal {\n            font-weight:bold;\n            line-height: 1.2;\n        }\n\n        #tdsmallborderT {\n            font-weight: normal;\n            border-top:darkgray 1px solid;\n        }\n\n        #signature {\n            font-weight:bold;\n            height: 70px;\n            vertical-align: bottom;\n        }\n\n    </style>\n</head>\n<body>\n<!--Head and style--------------------------------------------------->\n"
          },
          "runAfter": {
            "Initialize_variable_HTMLTemplate": [
              "Succeeded"
            ]
          },
          "metadata": {
            "operationMetadataId": "d90aac50-f943-446b-af24-577f62304ec5"
          }
        },
        "EMail_Header": {
          "type": "AppendToStringVariable",
          "inputs": {
            "name": "HTMLTemplate",
            "value": "    <!--EMail Header------------------------------------------->\n    <table class=\"noBorder\" border=\"0\">\n        <!--<tr class=\"page1header\">-->\n        <tr>            \n            <td width=\"15%\"></td>\n            <td width=\"70%\" style=\"text-align:right;\">\n                <!--<img src=\"logo.png\" alt=\"logo\" width=\"100px\"/><br />-->\n                @{If(equals(variables('varGetLogoFailed'),true),'',outputs('Compose_DataUri_for_logo'))}<br />\n                <p>&nbsp;</p>\n                <p style=\"font-size:larger;font-weight:bold;color:darkblue;\">\n                    <a href=\"https://www.pobvol.com/\">www.pobvol.com</a>\n                </p>\n                Volker Pobloth<br /> \n                pobvol Software Services<br />\n                Wolfskaulstr. 84<br />\n                66292 Riegelsberg<br />\n            </td>\n            <td width=\"15%\"></td>\n        </tr>\n    </table>\n    <br />\n    <!--EMail Header------------------------------------------->\n"
          },
          "runAfter": {
            "Append_to_string_variable_HTML-Template_(head_and_style)": [
              "Succeeded"
            ]
          },
          "metadata": {
            "operationMetadataId": "d9d203e1-6a77-47aa-abe4-a3b80464c8fb"
          }
        },
        "Initialize_variable_ServiceReportPath": {
          "type": "InitializeVariable",
          "inputs": {
            "variables": [
              {
                "name": "ServiceReportPath",
                "type": "string",
                "value": "empty"
              }
            ]
          },
          "runAfter": {
            "Initialize_variable_RootFolder": [
              "Succeeded"
            ]
          },
          "metadata": {
            "operationMetadataId": "f608fe0e-4d9c-4ff8-bf6b-1b9a227e8576"
          }
        },
        "Get_Service_Report_Path": {
          "type": "If",
          "expression": {
            "and": [
              {
                "equals": [
                  "@variables('ServiceReportPath')",
                  "empty"
                ]
              }
            ]
          },
          "actions": {
            "Get_items_Service_reports_are_saved_in_folder_1": {
              "type": "OpenApiConnection",
              "inputs": {
                "parameters": {
                  "dataset": "@parameters('EnvTeamseite (pobvol_shared_sharepointonline_674cc35bbaa74bdd9774c9f9a7c59ff2)')",
                  "table": "@parameters('Einstellungen (pobvol_UVVSystemSettings)')",
                  "$filter": "Title eq 'Service reports are saved in folder'",
                  "$top": 1
                },
                "host": {
                  "apiId": "/providers/Microsoft.PowerApps/apis/shared_sharepointonline",
                  "operationId": "GetItems",
                  "connectionName": "shared_sharepointonline"
                }
              },
              "metadata": {
                "operationMetadataId": "d9cfcdf4-4fef-4a4f-87be-10fdea301f32"
              }
            },
            "Apply_to_each_entry_found_in_Einstellungen": {
              "type": "Foreach",
              "foreach": "@outputs('Get_items_Service_reports_are_saved_in_folder_1')?['body/value']",
              "actions": {
                "Set_variable_ServiceReportPath": {
                  "type": "SetVariable",
                  "inputs": {
                    "name": "ServiceReportPath",
                    "value": "@items('Apply_to_each_entry_found_in_Einstellungen')?['Wert']"
                  },
                  "metadata": {
                    "operationMetadataId": "2edf5679-68db-4ec3-a795-b82d51549e70"
                  }
                }
              },
              "runAfter": {
                "Get_items_Service_reports_are_saved_in_folder_1": [
                  "Succeeded"
                ]
              },
              "metadata": {
                "operationMetadataId": "cfd24f24-198d-42f4-8e00-2f997a915cb5"
              }
            }
          },
          "else": {
            "actions": {}
          },
          "runAfter": {
            "Initialize_variable_ServiceReportPath": [
              "Succeeded"
            ]
          },
          "metadata": {
            "operationMetadataId": "fb808fa3-de8d-4037-a234-6db4f183ca3e"
          }
        },
        "Get_Teams_Channel_Folder": {
          "type": "If",
          "expression": {
            "and": [
              {
                "equals": [
                  "@variables('TeamsChannelFolder')",
                  "empty"
                ]
              }
            ]
          },
          "actions": {
            "Get_items_SharePoint.TeamsChannelFolder_1": {
              "type": "OpenApiConnection",
              "inputs": {
                "parameters": {
                  "dataset": "@parameters('EnvTeamseite (pobvol_shared_sharepointonline_674cc35bbaa74bdd9774c9f9a7c59ff2)')",
                  "table": "@parameters('Einstellungen (pobvol_UVVSystemSettings)')",
                  "$filter": "Title eq 'SharePoint.TeamsChannelFolder'",
                  "$top": 1
                },
                "host": {
                  "apiId": "/providers/Microsoft.PowerApps/apis/shared_sharepointonline",
                  "operationId": "GetItems",
                  "connectionName": "shared_sharepointonline"
                }
              },
              "metadata": {
                "operationMetadataId": "57358f98-284c-4f44-9f58-530c438b1cb1"
              }
            },
            "Apply_to_each_entry_found_in_Einstellungen2": {
              "type": "Foreach",
              "foreach": "@outputs('Get_items_SharePoint.TeamsChannelFolder_1')?['body/value']",
              "actions": {
                "Set_variable_TeamsChannelFolder_1": {
                  "type": "SetVariable",
                  "inputs": {
                    "name": "TeamsChannelFolder",
                    "value": "@items('Apply_to_each_entry_found_in_Einstellungen2')?['Wert']"
                  },
                  "metadata": {
                    "operationMetadataId": "858a0917-3d41-48c0-91a9-61b2033deaa7"
                  }
                }
              },
              "runAfter": {
                "Get_items_SharePoint.TeamsChannelFolder_1": [
                  "Succeeded"
                ]
              },
              "metadata": {
                "operationMetadataId": "be3fa833-a768-43d8-8ccb-53e464efde90"
              }
            }
          },
          "else": {
            "actions": {}
          },
          "runAfter": {
            "Initialize_variable_TeamsChannelFolder": [
              "Succeeded"
            ]
          },
          "metadata": {
            "operationMetadataId": "82c89559-adc7-4bc7-ac7a-153a0136dfc8"
          }
        },
        "Initialize_variable_varGetLogoFailed": {
          "type": "InitializeVariable",
          "inputs": {
            "variables": [
              {
                "name": "varGetLogoFailed",
                "type": "boolean",
                "value": false
              }
            ]
          },
          "runAfter": {
            "Get_Teams_Channel_Folder": [
              "Succeeded"
            ]
          },
          "metadata": {
            "operationMetadataId": "e19d8266-e0fd-4655-91dd-b6095508cb16"
          }
        },
        "Load_Logo": {
          "type": "If",
          "expression": {
            "and": [
              {
                "equals": [
                  "@variables('varGetLogoFailed')",
                  false
                ]
              }
            ]
          },
          "actions": {
            "Get_file_content_using_path_for_logo": {
              "type": "OpenApiConnection",
              "inputs": {
                "parameters": {
                  "dataset": "@parameters('EnvTeamseite (pobvol_shared_sharepointonline_674cc35bbaa74bdd9774c9f9a7c59ff2)')",
                  "path": "@{replace(parameters('EnvTeamseite (pobvol_shared_sharepointonline_674cc35bbaa74bdd9774c9f9a7c59ff2)'),' ','%20')}@{replace(parameters('DokumenteRootFolder (pobvol_DokumenteRootFolder)'),' ','%20')}/@{replace(variables('TeamsChannelFolder'),' ','%20')}/@{replace(variables('ServiceReportPath'),' ','%20')}/logo.png",
                  "inferContentType": true
                },
                "host": {
                  "apiId": "/providers/Microsoft.PowerApps/apis/shared_sharepointonline",
                  "operationId": "GetFileContentByPath",
                  "connectionName": "shared_sharepointonline"
                }
              },
              "metadata": {
                "operationMetadataId": "d51d25fc-9033-458f-9e56-6b42b332a3fb"
              }
            },
            "Set_variable_varGetLogoFailed": {
              "type": "SetVariable",
              "inputs": {
                "name": "varGetLogoFailed",
                "value": true
              },
              "runAfter": {
                "Get_file_content_using_path_for_logo": [
                  "TimedOut",
                  "Failed",
                  "Skipped"
                ]
              },
              "metadata": {
                "operationMetadataId": "bb6f204e-2387-46cf-a978-91843790afb8"
              }
            },
            "Condition_File_content_found_for_logo": {
              "type": "If",
              "expression": {
                "and": [
                  {
                    "equals": [
                      "@variables('varGetLogoFailed')",
                      false
                    ]
                  }
                ]
              },
              "actions": {
                "Compose_DataUri_for_logo": {
                  "type": "Compose",
                  "inputs": "<img alt=\"Logo\" src='@{dataUri(body('Get_file_content_using_path_for_logo'))}' width=\"100px\" />",
                  "metadata": {
                    "operationMetadataId": "353ceaaf-4e20-4f4a-8357-e6d969db230c"
                  }
                }
              },
              "else": {
                "actions": {}
              },
              "runAfter": {
                "Set_variable_varGetLogoFailed": [
                  "Succeeded",
                  "TimedOut",
                  "Skipped",
                  "Failed"
                ]
              },
              "metadata": {
                "operationMetadataId": "cd19ae7f-28e4-400e-9dba-cebdb5e757e8"
              }
            }
          },
          "else": {
            "actions": {}
          },
          "runAfter": {
            "Initialize_variable_varGetLogoFailed": [
              "Succeeded"
            ]
          },
          "metadata": {
            "operationMetadataId": "ffca5878-eeaa-41a0-9696-93a4683428ee"
          }
        },
        "Check_setting_-_Send_reports_to_customers": {
          "type": "If",
          "expression": {
            "and": [
              {
                "equals": [
                  "@variables('varSendReportsToCustomers')",
                  false
                ]
              }
            ]
          },
          "actions": {
            "Get_items_Service_reports.Send_reports_to_customers": {
              "type": "OpenApiConnection",
              "inputs": {
                "parameters": {
                  "dataset": "@parameters('EnvTeamseite (pobvol_shared_sharepointonline_674cc35bbaa74bdd9774c9f9a7c59ff2)')",
                  "table": "@parameters('Einstellungen (pobvol_UVVSystemSettings)')",
                  "$filter": "Title eq 'Service reports.Send reports to customers'",
                  "$top": 1
                },
                "host": {
                  "apiId": "/providers/Microsoft.PowerApps/apis/shared_sharepointonline",
                  "operationId": "GetItems",
                  "connectionName": "shared_sharepointonline"
                }
              },
              "metadata": {
                "operationMetadataId": "67862703-1857-4981-84de-2dce3b9099f0"
              }
            },
            "Apply_to_each_entry": {
              "type": "Foreach",
              "foreach": "@outputs('Get_items_Service_reports.Send_reports_to_customers')?['body/value']",
              "actions": {
                "Wert_is_true": {
                  "type": "If",
                  "expression": {
                    "or": [
                      {
                        "equals": [
                          "@items('Apply_to_each_entry')?['Wert']",
                          true
                        ]
                      },
                      {
                        "equals": [
                          "@items('Apply_to_each_entry')?['Wert']",
                          "TRUE"
                        ]
                      }
                    ]
                  },
                  "actions": {
                    "Set_variable_varSendReportsToCustomers": {
                      "type": "SetVariable",
                      "inputs": {
                        "name": "varSendReportsToCustomers",
                        "value": true
                      },
                      "metadata": {
                        "operationMetadataId": "a3c7c1f6-1c47-41aa-8a98-489d47515883"
                      }
                    }
                  },
                  "else": {
                    "actions": {}
                  },
                  "metadata": {
                    "operationMetadataId": "fcd7ce23-f4da-4e6c-a3ba-81412c82c9c8"
                  }
                }
              },
              "runAfter": {
                "Get_items_Service_reports.Send_reports_to_customers": [
                  "Succeeded"
                ]
              },
              "metadata": {
                "operationMetadataId": "cdfa7996-329c-42eb-aa2f-e00a3cd38e0c"
              }
            }
          },
          "else": {
            "actions": {}
          },
          "runAfter": {
            "Initialize_variable_SendReportsToCustomers": [
              "Succeeded"
            ]
          },
          "metadata": {
            "operationMetadataId": "1157bd38-0b93-41dc-b1b7-5f3a3e247a9f"
          }
        },
        "Initialize_variable_DocumentRootFolder": {
          "type": "InitializeVariable",
          "inputs": {
            "variables": [
              {
                "name": "varStringDocumentRootFolder",
                "type": "string",
                "value": "@{replace(parameters('DokumenteRootFolder (pobvol_DokumenteRootFolder)'), '/', '%252f')}"
              }
            ]
          },
          "runAfter": {
            "Check_setting_-_Send_reports_to_customers": [
              "Succeeded"
            ]
          },
          "metadata": {
            "operationMetadataId": "b55b9afd-b516-4f5d-9fa8-bdf3e70bb186"
          }
        },
        "Initialize_variable_RootFolder": {
          "type": "InitializeVariable",
          "inputs": {
            "variables": [
              {
                "name": "varStringRootFolder",
                "type": "string",
                "value": "@{replace(variables('varStringDocumentRootFolder'), ' ', '%2b')}"
              }
            ]
          },
          "runAfter": {
            "Initialize_variable_DocumentRootFolder": [
              "Succeeded"
            ]
          },
          "metadata": {
            "operationMetadataId": "e7b48bac-4db8-4e7c-95e8-712b1047f467"
          }
        },
        "Initialize_variable_PrueferIstGast": {
          "type": "InitializeVariable",
          "inputs": {
            "variables": [
              {
                "name": "varBooleanPrueferIstGast",
                "type": "boolean",
                "value": false
              }
            ]
          },
          "runAfter": {
            "Get_shared_mailbox": [
              "Succeeded"
            ]
          },
          "metadata": {
            "operationMetadataId": "45ef2562-a7d1-443e-a8a3-fb41a3dbce20"
          }
        },
        "Initialize_variable_varStringPrueferEmail": {
          "type": "InitializeVariable",
          "inputs": {
            "variables": [
              {
                "name": "varStringPrueferEmail",
                "type": "string",
                "value": "empty"
              }
            ]
          },
          "runAfter": {
            "Condition_PrueferIstGast": [
              "Succeeded"
            ]
          },
          "metadata": {
            "operationMetadataId": "cebd4907-4445-480d-bd91-216bbe741727"
          }
        },
        "Get_customer": {
          "type": "If",
          "expression": {
            "and": [
              {
                "equals": [
                  "@variables('varKommunikationsart')",
                  "empty"
                ]
              }
            ]
          },
          "actions": {
            "Get_items_from_Kunden": {
              "type": "OpenApiConnection",
              "inputs": {
                "parameters": {
                  "dataset": "@parameters('EnvTeamseite (pobvol_shared_sharepointonline_674cc35bbaa74bdd9774c9f9a7c59ff2)')",
                  "table": "@parameters('Servicekunden (pobvol_shared_sharepointonline_19e9c73788c14d0aa8e0343b24c71ec4)')",
                  "$filter": "KDNR eq '@{triggerBody()?['Kunden_x002d_Nr']}'",
                  "$top": 1
                },
                "host": {
                  "apiId": "/providers/Microsoft.PowerApps/apis/shared_sharepointonline",
                  "operationId": "GetItems",
                  "connectionName": "shared_sharepointonline"
                }
              },
              "metadata": {
                "operationMetadataId": "66de3dbe-04f0-40e2-8ca6-80ac5d068d10"
              }
            },
            "For_each": {
              "type": "Foreach",
              "foreach": "@outputs('Get_items_from_Kunden')?['body/value']",
              "actions": {
                "Set_variable_varKundensprache": {
                  "type": "SetVariable",
                  "inputs": {
                    "name": "varKundensprache",
                    "value": "@item()?['Sprache']"
                  },
                  "metadata": {
                    "operationMetadataId": "0305a946-cf19-4ed0-8bc3-266009e4ce6c"
                  }
                },
                "Set_variable_CustomerEMail": {
                  "type": "SetVariable",
                  "inputs": {
                    "name": "varCustomerEMail",
                    "value": "@items('For_each')?['E_x002d_Mail']"
                  },
                  "runAfter": {
                    "Set_variable_varKommunikationsart": [
                      "Succeeded"
                    ]
                  },
                  "metadata": {
                    "operationMetadataId": "77f86dcd-2210-459a-99a5-bdc4139b33d5"
                  }
                },
                "Set_variable_varKommunikationsart": {
                  "type": "SetVariable",
                  "inputs": {
                    "name": "varKommunikationsart",
                    "value": "@item()?['Kommunikationsart']"
                  },
                  "runAfter": {
                    "Set_variable_varKundensprache": [
                      "Succeeded"
                    ]
                  },
                  "metadata": {
                    "operationMetadataId": "74448501-07c3-4b6c-afa5-6cdc3faa0e2a"
                  }
                },
                "Set_variable_varAnrede": {
                  "type": "SetVariable",
                  "inputs": {
                    "name": "varAnrede",
                    "value": "@items('For_each')?['Anrede']"
                  },
                  "runAfter": {
                    "Set_variable_CustomerEMail": [
                      "Succeeded"
                    ]
                  }
                }
              },
              "runAfter": {
                "Get_items_from_Kunden": [
                  "Succeeded"
                ]
              },
              "metadata": {
                "operationMetadataId": "1ab16d79-9dfd-46be-b8f7-b7069c75bd88"
              }
            },
            "Anrede_is_null": {
              "type": "If",
              "expression": {
                "and": [
                  {
                    "equals": [
                      "@variables('varAnrede')",
                      ""
                    ]
                  }
                ]
              },
              "actions": {
                "Anrede_de_en": {
                  "type": "If",
                  "expression": {
                    "and": [
                      {
                        "equals": [
                          "@triggerBody()?['Kundensprache']",
                          "de"
                        ]
                      }
                    ]
                  },
                  "actions": {
                    "Anrede_de": {
                      "type": "SetVariable",
                      "inputs": {
                        "name": "varAnrede",
                        "value": "Sehr geehrte Damen und Herren,"
                      }
                    }
                  },
                  "else": {
                    "actions": {
                      "Anrede_en": {
                        "type": "SetVariable",
                        "inputs": {
                          "name": "varAnrede",
                          "value": "Dear ladies and gentlemen,"
                        }
                      }
                    }
                  }
                }
              },
              "else": {
                "actions": {}
              },
              "runAfter": {
                "For_each": [
                  "Succeeded"
                ]
              }
            }
          },
          "else": {
            "actions": {}
          },
          "runAfter": {
            "Initialize_variable_varAnrede": [
              "Succeeded"
            ]
          },
          "metadata": {
            "operationMetadataId": "f2c49742-074a-4b78-ad2f-e5c4e8704ca1"
          }
        },
        "Get_team": {
          "type": "If",
          "expression": {
            "and": [
              {
                "equals": [
                  "@variables('varTeam')",
                  "empty"
                ]
              }
            ]
          },
          "actions": {
            "Get_items_SharePoint.Team": {
              "type": "OpenApiConnection",
              "inputs": {
                "parameters": {
                  "dataset": "@parameters('EnvTeamseite (pobvol_shared_sharepointonline_674cc35bbaa74bdd9774c9f9a7c59ff2)')",
                  "table": "@parameters('Einstellungen (pobvol_UVVSystemSettings)')",
                  "$filter": "Title eq 'SharePoint.Team'",
                  "$top": 1
                },
                "host": {
                  "apiId": "/providers/Microsoft.PowerApps/apis/shared_sharepointonline",
                  "operationId": "GetItems",
                  "connectionName": "shared_sharepointonline"
                }
              },
              "metadata": {
                "operationMetadataId": "c465b351-d8d6-452f-b7e0-160d06f01324"
              }
            },
            "Apply_to_each_SharePoint.Team": {
              "type": "Foreach",
              "foreach": "@outputs('Get_items_SharePoint.Team')?['body/value']",
              "actions": {
                "Set_variable_varTeam": {
                  "type": "SetVariable",
                  "inputs": {
                    "name": "varTeam",
                    "value": "@item()?['Wert']"
                  },
                  "metadata": {
                    "operationMetadataId": "ce76cd8e-0b51-43cd-a805-3f2b41615df4"
                  }
                }
              },
              "runAfter": {
                "Get_items_SharePoint.Team": [
                  "Succeeded"
                ]
              },
              "metadata": {
                "operationMetadataId": "38efd433-eb8b-4c9b-bddb-ce43229a64db"
              }
            }
          },
          "else": {
            "actions": {}
          },
          "runAfter": {
            "Initialize_variable_varTeam": [
              "Succeeded"
            ]
          },
          "metadata": {
            "operationMetadataId": "673742da-bdc5-482e-8ebd-d0a786d1c24f"
          }
        },
        "Get_shared_mailbox": {
          "type": "If",
          "expression": {
            "and": [
              {
                "equals": [
                  "@variables('varStringSharedMailbox')",
                  "empty"
                ]
              }
            ]
          },
          "actions": {
            "Get_items_Shared_mailbox": {
              "type": "OpenApiConnection",
              "inputs": {
                "parameters": {
                  "dataset": "@parameters('EnvTeamseite (pobvol_shared_sharepointonline_674cc35bbaa74bdd9774c9f9a7c59ff2)')",
                  "table": "@parameters('Einstellungen (pobvol_UVVSystemSettings)')",
                  "$filter": "Title eq 'Shared mailbox'",
                  "$top": 1
                },
                "host": {
                  "apiId": "/providers/Microsoft.PowerApps/apis/shared_sharepointonline",
                  "operationId": "GetItems",
                  "connectionName": "shared_sharepointonline"
                }
              },
              "metadata": {
                "operationMetadataId": "03743661-370e-4a09-b5e3-e6f920a46f89"
              }
            },
            "Apply_to_each_Shared_mailbox": {
              "type": "Foreach",
              "foreach": "@outputs('Get_items_Shared_mailbox')?['body/value']",
              "actions": {
                "Set_variable_SharedMailbox": {
                  "type": "SetVariable",
                  "inputs": {
                    "name": "varStringSharedMailbox",
                    "value": "@items('Apply_to_each_Shared_mailbox')?['Wert']"
                  },
                  "metadata": {
                    "operationMetadataId": "044cd802-e522-44c3-8024-b58c5cd696ae"
                  }
                }
              },
              "runAfter": {
                "Get_items_Shared_mailbox": [
                  "Succeeded"
                ]
              },
              "metadata": {
                "operationMetadataId": "b641ea88-4b0d-4759-8593-9a2f650418ad"
              }
            }
          },
          "else": {
            "actions": {}
          },
          "runAfter": {
            "Initialize_variable_SharedMailbox": [
              "Succeeded"
            ]
          },
          "metadata": {
            "operationMetadataId": "7b3b0670-62d9-49a0-8a23-1c2aa5be33ff"
          }
        },
        "EMail_Text_de_en": {
          "type": "If",
          "expression": {
            "and": [
              {
                "equals": [
                  "@triggerBody()?['Kundensprache']",
                  "de"
                ]
              }
            ]
          },
          "actions": {
            "Text_de": {
              "type": "AppendToStringVariable",
              "inputs": {
                "name": "HTMLTemplate",
                "value": "    <!--Text DE------------------------------------------------------>\n    <table class=\"noBorder\" border=\"0\">\n        <!--<tr class=\"page1content\">-->\n        <tr>\n            <td width=\"15%\"></td>\n            <td width=\"70%\">\n                <p style=\"text-align:right;\">Riegelsberg, den @{if(equals(triggerBody()?['Kundensprache'],'de'),formatDateTime(utcNow(),'d.MM.yyyy'),formatDateTime(utcNow(),'MM/dd/yyyy'))}</p>\n                <br />\n                <br />\n                <br />\n                <p style=\"font-size:110%;font-weight: bold;text-align:left;\">\n                     @{variables('varAnrede')}\n                </p>\n                <br />\n                wir haben einen Servicevorgang für Sie durchgeführt. Das Wichtigste dazu haben wir für Sie in einem Servicebericht zusammengestellt.<br />\n                <br />\n                Mit freundlichen Grüßen<br />\n                pobvol Software Services<br />\n                <br />\n                <br />\n                <br />\n                <u>Anlage(n):</u><br />\n                @{triggerBody()?['KEY']}.pdf\n            </td>\n            <td width=\"15%\"></td>\n        </tr>\n    </table>\n    <br />\n    <!--Text DE------------------------------------------------------>\n"
              },
              "metadata": {
                "operationMetadataId": "90f0e234-b0fe-457e-8434-36c1df540214"
              }
            }
          },
          "else": {
            "actions": {
              "Text_en": {
                "type": "AppendToStringVariable",
                "inputs": {
                  "name": "HTMLTemplate",
                  "value": "    <!--Text EN------------------------------------------------------>\n    <table class=\"noBorder\" border=\"0\">\n        <!--<tr class=\"page1content\">-->\n        <tr>\n            <td width=\"15%\"></td>\n            <td width=\"70%\">\n                <p style=\"text-align:right;\">Riegelsberg, den @{if(equals(triggerBody()?['Kundensprache'],'de'),formatDateTime(utcNow(),'d.MM.yyyy'),formatDateTime(utcNow(),'MM/dd/yyyy'))}</p>\n                <br />\n                <br />\n                <br />\n                <p style=\"font-size:110%;font-weight: bold;text-align:left;\">\n                     @{variables('varAnrede')}\n                </p>\n                <br />\n                We have carried out a service activity for you. The most important information is compiled into a service report for you.<br />\n                <br />\n                Best regards<br />\n                pobvol Software Services<br />\n                <br />\n                <br />\n                <br />\n                <u>Attachment(s):</u><br />\n                @{triggerBody()?['KEY']}.pdf\n            </td>\n            <td width=\"15%\"></td>\n        </tr>\n    </table>\n    <br />\n    <!--Text EN------------------------------------------------------>\n"
                },
                "metadata": {
                  "operationMetadataId": "90f0e234-b0fe-457e-8434-36c1df540214"
                }
              }
            }
          },
          "runAfter": {
            "EMail_Header": [
              "Succeeded"
            ]
          },
          "metadata": {
            "operationMetadataId": "f8e49939-eef2-4347-92e6-82e39e18841a"
          }
        },
        "HTML_end": {
          "type": "AppendToStringVariable",
          "inputs": {
            "name": "HTMLTemplate",
            "value": "<!--HTML Ende--------------------------------------------------->\n</body>\n</html>        \n<!--HTML Ende--------------------------------------------------->\n"
          },
          "runAfter": {
            "EMail_Text_de_en": [
              "Succeeded"
            ]
          },
          "metadata": {
            "operationMetadataId": "90f0e234-b0fe-457e-8434-36c1df540214"
          }
        },
        "Get_Pruefer_email": {
          "type": "If",
          "expression": {
            "and": [
              {
                "equals": [
                  "@variables('varStringPrueferEmail')",
                  "empty"
                ]
              }
            ]
          },
          "actions": {
            "Search_for_users_(V2)": {
              "type": "OpenApiConnection",
              "inputs": {
                "parameters": {
                  "top": 100,
                  "isSearchTermRequired": true,
                  "searchTerm": "@triggerOutputs()?['body/Pruefer']"
                },
                "host": {
                  "apiId": "/providers/Microsoft.PowerApps/apis/shared_office365users",
                  "operationId": "SearchUserV2",
                  "connectionName": "shared_office365users"
                }
              },
              "metadata": {
                "operationMetadataId": "8991c980-ec96-44ec-baec-4677172b4729"
              }
            },
            "Apply_to_each_user_found": {
              "type": "Foreach",
              "foreach": "@outputs('Search_for_users_(V2)')?['body/value']",
              "actions": {
                "Condition": {
                  "type": "If",
                  "expression": {
                    "equals": [
                      "@items('Apply_to_each_user_found')?['DisplayName']",
                      "@triggerOutputs()?['body/Pruefer']"
                    ]
                  },
                  "actions": {
                    "Set_variable_PrueferEmail_Value": {
                      "type": "SetVariable",
                      "inputs": {
                        "name": "varStringPrueferEmail",
                        "value": "@items('Apply_to_each_user_found')?['Mail']"
                      },
                      "metadata": {
                        "operationMetadataId": "e2cb3dba-67a4-4ebd-b2dc-ef9b8dac0810"
                      }
                    }
                  },
                  "else": {
                    "actions": {}
                  },
                  "metadata": {
                    "operationMetadataId": "37c260e9-7c04-49f4-9c3c-b9581f0cd0d8"
                  }
                }
              },
              "runAfter": {
                "Search_for_users_(V2)": [
                  "Succeeded"
                ]
              },
              "metadata": {
                "operationMetadataId": "dd538cf7-a262-42fc-91b5-380e08173afd"
              }
            }
          },
          "else": {
            "actions": {}
          },
          "runAfter": {
            "Initialize_variable_varStringPrueferEmail": [
              "Succeeded"
            ]
          },
          "metadata": {
            "operationMetadataId": "16242be5-8c47-4a88-8e90-cbd4da736ff3"
          }
        },
        "Initialize_variable_varSubject": {
          "type": "InitializeVariable",
          "inputs": {
            "variables": [
              {
                "name": "varSubject",
                "type": "string"
              }
            ]
          },
          "runAfter": {
            "Compose_DataUri_for_pdf_file": [
              "Succeeded"
            ]
          },
          "metadata": {
            "operationMetadataId": "7a6def09-b57e-40a2-8311-fcadf44c43c1"
          }
        },
        "Subject_de_en": {
          "type": "If",
          "expression": {
            "and": [
              {
                "equals": [
                  "@triggerBody()?['Kundensprache']",
                  "de"
                ]
              }
            ]
          },
          "actions": {
            "Subject_de": {
              "type": "AppendToStringVariable",
              "inputs": {
                "name": "varSubject",
                "value": "@{variables('varTeam')}: Servicebericht @{triggerBody()?['ServiceartText']} V@{triggerBody()?['MyVersion']} "
              },
              "metadata": {
                "operationMetadataId": "90f0e234-b0fe-457e-8434-36c1df540214"
              }
            }
          },
          "else": {
            "actions": {
              "Subject_en": {
                "type": "AppendToStringVariable",
                "inputs": {
                  "name": "varSubject",
                  "value": "@{variables('varTeam')}: Service report @{triggerBody()?['ServiceartText']} V@{triggerBody()?['MyVersion']} "
                },
                "metadata": {
                  "operationMetadataId": "90f0e234-b0fe-457e-8434-36c1df540214"
                }
              }
            }
          },
          "runAfter": {
            "Initialize_variable_varSubject": [
              "Succeeded"
            ]
          },
          "metadata": {
            "operationMetadataId": "6539ad09-4ab5-461f-93a8-57ffe0f4ecb4"
          }
        },
        "Initialize_variable_varAnrede": {
          "type": "InitializeVariable",
          "inputs": {
            "variables": [
              {
                "name": "varAnrede",
                "type": "string",
                "value": "@null"
              }
            ]
          },
          "runAfter": {
            "Initialize_variable_CustomerEMail": [
              "Succeeded"
            ]
          }
        },
        "Get_file_content_using_path_for_pdf_file": {
          "type": "OpenApiConnection",
          "inputs": {
            "parameters": {
              "dataset": "@parameters('EnvTeamseite (pobvol_shared_sharepointonline_674cc35bbaa74bdd9774c9f9a7c59ff2)')",
              "path": "/Freigegebene Dokumente/@{replace(variables('TeamsChannelFolder'),' ','%20')}/@{replace(variables('ServiceReportPath'),' ','%20')}/@{triggerBody()?['Kunden_x002d_Nr']}/@{triggerBody()?['KEY']}.pdf",
              "inferContentType": true
            },
            "host": {
              "apiId": "/providers/Microsoft.PowerApps/apis/shared_sharepointonline",
              "operationId": "GetFileContentByPath",
              "connectionName": "shared_sharepointonline"
            }
          },
          "runAfter": {
            "Get_Pruefer_email": [
              "Succeeded"
            ]
          },
          "metadata": {
            "operationMetadataId": "d51d25fc-9033-458f-9e56-6b42b332a3fb"
          }
        },
        "Compose_DataUri_for_pdf_file": {
          "type": "Compose",
          "inputs": "@dataUri(\r\n  body('Get_file_content_using_path_for_pdf_file')\r\n)",
          "runAfter": {
            "Get_file_content_using_path_for_pdf_file": [
              "Succeeded"
            ]
          },
          "metadata": {
            "operationMetadataId": "353ceaaf-4e20-4f4a-8357-e6d969db230c"
          }
        },
        "Update_item_in_Servicevorgaenge": {
          "type": "OpenApiConnection",
          "inputs": {
            "parameters": {
              "dataset": "@parameters('EnvTeamseite (pobvol_shared_sharepointonline_674cc35bbaa74bdd9774c9f9a7c59ff2)')",
              "table": "@parameters('Servicevorgaenge (pobvol_shared_sharepointonline_fbaeddd2ed124d13a8aa0b54818e452b)')",
              "id": "@triggerBody()?['ServiceID']",
              "item/Title": "@triggerBody()?['Inventarart']",
              "item/BerichtGesendet": true
            },
            "host": {
              "apiId": "/providers/Microsoft.PowerApps/apis/shared_sharepointonline",
              "operationId": "PatchItem",
              "connectionName": "shared_sharepointonline"
            }
          },
          "runAfter": {
            "Send_EMail_to_customer_or_App_Admins": [
              "Succeeded"
            ]
          }
        }
      }
    },
    "templateName": null
  },
  "schemaVersion": "1.0.0.0"
}