{
  "properties": {
    "connectionReferences": {
      "shared_sharepointonline_1": {
        "runtimeSource": "embedded",
        "connection": {
          "connectionReferenceLogicalName": "pobvol_sharedsharepointonline_03a21"
        },
        "api": {
          "name": "shared_sharepointonline"
        }
      }
    },
    "definition": {
      "$schema": "https://schema.management.azure.com/providers/Microsoft.Logic/schemas/2016-06-01/workflowdefinition.json#",
      "contentVersion": "1.0.0.0",
      "parameters": {
        "$connections": {
          "defaultValue": {},
          "type": "Object"
        },
        "$authentication": {
          "defaultValue": {},
          "type": "SecureObject"
        },
        "EnvTeamseite (pobvol_shared_sharepointonline_674cc35bbaa74bdd9774c9f9a7c59ff2)": {
          "defaultValue": "https://pobvol.sharepoint.com/sites/pssService",
          "type": "String",
          "metadata": {
            "schemaName": "pobvol_shared_sharepointonline_674cc35bbaa74bdd9774c9f9a7c59ff2",
            "description": "hier eine Teamseite zuordnen"
          }
        },
        "Servicevorgaenge (pobvol_shared_sharepointonline_fbaeddd2ed124d13a8aa0b54818e452b)": {
          "defaultValue": "5eec20f3-c8a6-4aae-9db8-1cedaff60eed",
          "type": "String",
          "metadata": {
            "schemaName": "pobvol_shared_sharepointonline_fbaeddd2ed124d13a8aa0b54818e452b"
          }
        },
        "ArchivServicevorgaenge (pobvol_ArchivUVVDataCollector)": {
          "defaultValue": "f17bff3d-1865-4997-b30d-0e30b40f93a9",
          "type": "String",
          "metadata": {
            "schemaName": "pobvol_ArchivUVVDataCollector"
          }
        },
        "ServicevorgaengeP (pobvol_ServicevorgaengeP)": {
          "defaultValue": "d97d18d5-80cf-493d-aa73-f3cf4301ca51",
          "type": "String",
          "metadata": {
            "schemaName": "pobvol_ServicevorgaengeP",
            "description": "Service Operations Details for Checkpoints"
          }
        },
        "ArchivServicevorgaengeP (pobvol_ArchivServicevorgaengeP)": {
          "defaultValue": "1495b432-6a64-4181-a5d6-4da1dd56bca8",
          "type": "String",
          "metadata": {
            "schemaName": "pobvol_ArchivServicevorgaengeP",
            "description": "Service positions (checkpoints)"
          }
        }
      },
      "triggers": {
        "Runs_every_7_days_at_8_am": {
          "recurrence": {
            "frequency": "Day",
            "interval": 7,
            "timeZone": "W. Europe Standard Time",
            "startTime": "2022-09-24T08:00:00Z",
            "schedule": {
              "hours": [
                "8"
              ],
              "minutes": [
                0
              ]
            }
          },
          "metadata": {
            "operationMetadataId": "29ec563c-61d3-427e-bb64-0254ba9b1165"
          },
          "type": "Recurrence"
        }
      },
      "actions": {
        "Get_items_from_Servicevorgaenge": {
          "runAfter": {
            "Initialize_variable_varRechnungGenehmigt": [
              "Succeeded"
            ]
          },
          "metadata": {
            "operationMetadataId": "b350a427-b723-424d-bb1f-59637a38d57d"
          },
          "type": "OpenApiConnection",
          "inputs": {
            "host": {
              "connectionName": "shared_sharepointonline_1",
              "operationId": "GetItems",
              "apiId": "/providers/Microsoft.PowerApps/apis/shared_sharepointonline"
            },
            "parameters": {
              "dataset": "@parameters('EnvTeamseite (pobvol_shared_sharepointonline_674cc35bbaa74bdd9774c9f9a7c59ff2)')",
              "table": "@parameters('Servicevorgaenge (pobvol_shared_sharepointonline_fbaeddd2ed124d13a8aa0b54818e452b)')",
              "$filter": "field_4 lt '@{variables('varArchivdatum')}' ",
              "$top": 10
            },
            "authentication": "@parameters('$authentication')"
          }
        },
        "For_each": {
          "foreach": "@outputs('Get_items_from_Servicevorgaenge')?['body/value']",
          "actions": {
            "Set_variable_varPruefdatum": {
              "runAfter": {},
              "metadata": {
                "operationMetadataId": "9b79053a-c740-426d-a230-0135f80c320a"
              },
              "type": "SetVariable",
              "inputs": {
                "name": "varPruefdatum",
                "value": "@{convertToUtc(item()?['field_4'], 'Romance Standard Time','yyyy-MM-dd')}"
              }
            },
            "Condition": {
              "actions": {
                "Create_item_in_ArchiveServicevorgaenge": {
                  "runAfter": {},
                  "metadata": {
                    "operationMetadataId": "12e7d60f-c4d3-4920-a1d1-da4c2e3e1af8"
                  },
                  "type": "OpenApiConnection",
                  "inputs": {
                    "host": {
                      "connectionName": "shared_sharepointonline_1",
                      "operationId": "PostItem",
                      "apiId": "/providers/Microsoft.PowerApps/apis/shared_sharepointonline"
                    },
                    "parameters": {
                      "dataset": "@parameters('EnvTeamseite (pobvol_shared_sharepointonline_674cc35bbaa74bdd9774c9f9a7c59ff2)')",
                      "table": "@parameters('ArchivServicevorgaenge (pobvol_ArchivUVVDataCollector)')",
                      "item/Title": "@item()?['Title']",
                      "item/SourceID": "@item()?['ID']",
                      "item/KEY": "@items('For_each')?['KEY']",
                      "item/TimeStamp": "@items('For_each')?['TimeStamp']",
                      "item/DocumentStatus": "@items('For_each')?['DocumentStatus']",
                      "item/field_12": "@items('For_each')?['field_12']",
                      "item/field_13": "@items('For_each')?['field_13']",
                      "item/Bildname": "@items('For_each')?['Bildname']",
                      "item/BildSPItemId": "@items('For_each')?['BildSPItemId']",
                      "item/field_1": "@items('For_each')?['field_1']",
                      "item/field_4": "@items('For_each')?['field_4']",
                      "item/field_8": "@items('For_each')?['field_8']",
                      "item/Kunde": "@item()?['Kunde']",
                      "item/Kundenort": "@item()?['Kundenort']",
                      "item/field_7": "@items('For_each')?['field_7']",
                      "item/Hersteller": "@item()?['Hersteller']",
                      "item/Geraeteart": "@item()?['Geraeteart']",
                      "item/Baujahr": "@item()?['Baujahr']",
                      "item/Serien_x002d_Nr": "@item()?['Serien_x002d_Nr']",
                      "item/Standort": "@item()?['Standort']",
                      "item/Betriebsstunden": "@item()?['Betriebsstunden']",
                      "item/field_9": "<p>@{items('For_each')?['field_9']}</p>",
                      "item/field_10": "@items('For_each')?['field_10']",
                      "item/field_11": "@items('For_each')?['field_11']",
                      "item/Location": "@items('For_each')?['Location']",
                      "item/Serviceart": "@item()?['Serviceart']",
                      "item/Plz": "@item()?['Plz']",
                      "item/Strasse": "@item()?['Strasse']",
                      "item/Land": "@item()?['Land']",
                      "item/Ansprechpartner": "@item()?['Ansprechpartner']",
                      "item/Telefon": "@item()?['Telefon']",
                      "item/EMail": "@item()?['EMail']",
                      "item/GeraetetypCode": "@items('For_each')?['GeraetetypCode']",
                      "item/Softwareversion": "@item()?['Softwareversion']",
                      "item/Hardwarestand": "@item()?['Hardwarestand']",
                      "item/Modulinformation": "@item()?['Modulinformation']",
                      "item/KDAUFNR": "@item()?['KDAUFNR']",
                      "item/KDAUFDATUM": "@item()?['KDAUFDATUM']",
                      "item/KDAUFKONTAKT": "@item()?['KDAUFKONTAKT']",
                      "item/Eingangsdatum": "@item()?['Eingangsdatum']",
                      "item/AbweichendeLieferanschrift": "@item()?['AbweichendeLieferanschrift']",
                      "item/Maengelklasse": "@item()?['Maengelklasse']",
                      "item/SicherheitserheblicheKommentare": "@item()?['SicherheitserheblicheKommentare']",
                      "item/MaengelklasseText": "@item()?['MaengelklasseText']",
                      "item/Kundeninventarnummer": "@items('For_each')?['Kundeninventarnummer']",
                      "item/PlaketteAnzeigen": "@items('For_each')?['PlaketteAnzeigen']",
                      "item/SammelINVNR": "@items('For_each')?['SammelINVNR']",
                      "item/Vorgangsbeginn": "@items('For_each')?['Vorgangsbeginn']",
                      "item/Vorgangsende": "@items('For_each')?['Vorgangsende']",
                      "item/Kundensprache": "@item()?['Kundensprache']",
                      "item/Garantie_bis": "@item()?['Garantie_bis']",
                      "item/naechstePruefung": "@items('For_each')?['naechstePruefung']",
                      "item/ServiceartText": "@item()?['ServiceartText']",
                      "item/GeraetetypText": "@item()?['GeraetetypText']",
                      "item/ChecklisteText": "@item()?['ChecklisteText']",
                      "item/Icon": "@items('For_each')?['Icon']",
                      "item/Berichtsort": "@items('For_each')?['Berichtsort']",
                      "item/Rechnungsnummer": "@items('For_each')?['Rechnungsnummer']",
                      "item/BerichtGesendet": "@items('For_each')?['BerichtGesendet']",
                      "item/Garantie": "@item()?['Serviceart_Garantie']",
                      "item/TerminID": "@items('For_each')?['TerminID']",
                      "item/RechnungGenehmigt": "@items('For_each')?['RechnungGenehmigt']",
                      "item/RechnungErstellen": "@items('For_each')?['RechnungErstellen']",
                      "item/RechnungGesendet": "@items('For_each')?['RechnungGesendet']",
                      "item/Currency": "@items('For_each')?['Currency']",
                      "item/Rechnungsbetrag": "@items('For_each')?['Rechnungsbetrag']",
                      "item/field_2": "@items('For_each')?['field_2']",
                      "item/field_3": "@items('For_each')?['field_3']",
                      "item/TimeStampLong": "@items('For_each')?['TimeStampLong']",
                      "item/field_5": "@items('For_each')?['field_5']",
                      "item/field_6": "@items('For_each')?['field_6']",
                      "item/Genehmigt": "@item()?['Genehmigt']",
                      "item/internal": "@items('For_each')?['internal']",
                      "item/BildJson": "@items('For_each')?['BildJson']"
                    },
                    "authentication": "@parameters('$authentication')"
                  }
                },
                "Delete_item_from_Servicevorgaenge": {
                  "runAfter": {
                    "Create_item_in_ArchiveServicevorgaenge": [
                      "Succeeded"
                    ]
                  },
                  "metadata": {
                    "operationMetadataId": "87b7a6b3-5bfb-413e-859b-b1fd7767d33e"
                  },
                  "type": "OpenApiConnection",
                  "inputs": {
                    "host": {
                      "connectionName": "shared_sharepointonline_1",
                      "operationId": "DeleteItem",
                      "apiId": "/providers/Microsoft.PowerApps/apis/shared_sharepointonline"
                    },
                    "parameters": {
                      "dataset": "@parameters('EnvTeamseite (pobvol_shared_sharepointonline_674cc35bbaa74bdd9774c9f9a7c59ff2)')",
                      "table": "@parameters('Servicevorgaenge (pobvol_shared_sharepointonline_fbaeddd2ed124d13a8aa0b54818e452b)')",
                      "id": "@item()?['ID']"
                    },
                    "authentication": "@parameters('$authentication')"
                  }
                },
                "Get_items_from_Positionen": {
                  "runAfter": {
                    "Delete_item_from_Servicevorgaenge": [
                      "Succeeded"
                    ]
                  },
                  "metadata": {
                    "operationMetadataId": "308734df-eaf9-4d31-87e4-78b051609c73"
                  },
                  "type": "OpenApiConnection",
                  "inputs": {
                    "host": {
                      "connectionName": "shared_sharepointonline_1",
                      "operationId": "GetItems",
                      "apiId": "/providers/Microsoft.PowerApps/apis/shared_sharepointonline"
                    },
                    "parameters": {
                      "dataset": "@parameters('EnvTeamseite (pobvol_shared_sharepointonline_674cc35bbaa74bdd9774c9f9a7c59ff2)')",
                      "table": "@parameters('ServicevorgaengeP (pobvol_ServicevorgaengeP)')",
                      "$filter": "KEY eq '@{items('For_each')?['KEY']}'"
                    },
                    "authentication": "@parameters('$authentication')"
                  }
                },
                "Apply_to_each": {
                  "foreach": "@outputs('Get_items_from_Positionen')?['body/value']",
                  "actions": {
                    "Create_item_in_ArchivServicevorgaengeP": {
                      "runAfter": {},
                      "metadata": {
                        "operationMetadataId": "72e0e394-1729-47a5-933a-da952f9d953f"
                      },
                      "type": "OpenApiConnection",
                      "inputs": {
                        "host": {
                          "connectionName": "shared_sharepointonline_1",
                          "operationId": "PostItem",
                          "apiId": "/providers/Microsoft.PowerApps/apis/shared_sharepointonline"
                        },
                        "parameters": {
                          "dataset": "@parameters('EnvTeamseite (pobvol_shared_sharepointonline_674cc35bbaa74bdd9774c9f9a7c59ff2)')",
                          "table": "@parameters('ArchivServicevorgaengeP (pobvol_ArchivServicevorgaengeP)')",
                          "view": "19dbcb9d-c91f-49c8-9ef9-7bfa8374052a",
                          "item/Title": "@items('Apply_to_each')?['Title']",
                          "item/Pos": "@items('Apply_to_each')?['Pos']",
                          "item/ParentID": "@items('Apply_to_each')?['ParentID']",
                          "item/Checkpunkt": "@items('Apply_to_each')?['Checkpunkt']",
                          "item/Status": "@items('Apply_to_each')?['Status']",
                          "item/Bemerkung": "@items('Apply_to_each')?['Bemerkung']",
                          "item/F1Label": "@items('Apply_to_each')?['F1Label']",
                          "item/OData__x0046_1": "@items('Apply_to_each')?['OData__x0046_1']",
                          "item/F2Label": "@items('Apply_to_each')?['F2Label']",
                          "item/OData__x0046_2": "@items('Apply_to_each')?['OData__x0046_2']",
                          "item/F3Label": "@items('Apply_to_each')?['F3Label']",
                          "item/OData__x0046_3": "@items('Apply_to_each')?['OData__x0046_3']",
                          "item/F4Label": "@items('Apply_to_each')?['F4Label']",
                          "item/OData__x0046_4": "@items('Apply_to_each')?['OData__x0046_4']",
                          "item/F5Label": "@items('Apply_to_each')?['F5Label']",
                          "item/OData__x0046_5": "@items('Apply_to_each')?['OData__x0046_5']",
                          "item/SourceID": "@items('Apply_to_each')?['ID']",
                          "item/KEY": "@items('Apply_to_each')?['KEY']",
                          "item/CheckpunktText": "@items('Apply_to_each')?['CheckpunktText']",
                          "item/StatusText": "@items('Apply_to_each')?['StatusText']"
                        },
                        "authentication": "@parameters('$authentication')"
                      }
                    },
                    "Delete_item_in_Positionen": {
                      "runAfter": {
                        "Create_item_in_ArchivServicevorgaengeP": [
                          "Succeeded"
                        ]
                      },
                      "metadata": {
                        "operationMetadataId": "6552f589-5fbb-46d1-a7a9-b7b7c2161e71"
                      },
                      "type": "OpenApiConnection",
                      "inputs": {
                        "host": {
                          "connectionName": "shared_sharepointonline_1",
                          "operationId": "DeleteItem",
                          "apiId": "/providers/Microsoft.PowerApps/apis/shared_sharepointonline"
                        },
                        "parameters": {
                          "dataset": "@parameters('EnvTeamseite (pobvol_shared_sharepointonline_674cc35bbaa74bdd9774c9f9a7c59ff2)')",
                          "table": "@parameters('ServicevorgaengeP (pobvol_ServicevorgaengeP)')",
                          "id": "@items('Apply_to_each')?['ID']"
                        },
                        "authentication": "@parameters('$authentication')"
                      }
                    }
                  },
                  "runAfter": {
                    "Get_items_from_Positionen": [
                      "Succeeded"
                    ]
                  },
                  "metadata": {
                    "operationMetadataId": "488d2f0b-880f-4870-a7da-c7a8b2e388b0"
                  },
                  "type": "Foreach",
                  "runtimeConfiguration": {
                    "concurrency": {
                      "repetitions": 20
                    }
                  }
                }
              },
              "runAfter": {
                "Set_variable_varRechnungGenehmigt": [
                  "Succeeded"
                ]
              },
              "expression": {
                "and": [
                  {
                    "less": [
                      "@variables('varPruefdatum')",
                      "@variables('varArchivdatum')"
                    ]
                  },
                  {
                    "equals": [
                      "@variables('varGenemigt')",
                      true
                    ]
                  },
                  {
                    "equals": [
                      "@variables('varRechnungGenemigt')",
                      true
                    ]
                  }
                ]
              },
              "metadata": {
                "operationMetadataId": "a039f15f-3362-4bc6-b6a0-a2fc92c65a4e"
              },
              "type": "If"
            },
            "Set_variable_varGenehmigt": {
              "runAfter": {
                "Set_variable_varPruefdatum": [
                  "Succeeded"
                ]
              },
              "metadata": {
                "operationMetadataId": "ac5714f2-e2a7-45ff-bda7-929fb3c23047"
              },
              "type": "SetVariable",
              "inputs": {
                "name": "varGenemigt",
                "value": "@item()?['Genehmigt']"
              }
            },
            "Set_variable_varRechnungGenehmigt": {
              "runAfter": {
                "Set_variable_varGenehmigt": [
                  "Succeeded"
                ]
              },
              "metadata": {
                "operationMetadataId": "ac5714f2-e2a7-45ff-bda7-929fb3c23047"
              },
              "type": "SetVariable",
              "inputs": {
                "name": "varRechnungGenemigt",
                "value": "@items('For_each')?['RechnungGenehmigt']"
              }
            }
          },
          "runAfter": {
            "Get_items_from_Servicevorgaenge": [
              "Succeeded"
            ]
          },
          "metadata": {
            "operationMetadataId": "a7f53fa4-658a-4e99-9617-b36db1e93353"
          },
          "type": "Foreach",
          "runtimeConfiguration": {
            "concurrency": {
              "repetitions": 20
            }
          }
        },
        "Initialize_variable_varPruefdatum": {
          "runAfter": {},
          "metadata": {
            "operationMetadataId": "2e9b7130-5545-4e68-b3ff-17d892f61d18"
          },
          "type": "InitializeVariable",
          "inputs": {
            "variables": [
              {
                "name": "varPruefdatum",
                "type": "string",
                "value": "@null"
              }
            ]
          }
        },
        "Initialize_variable_varArchivDatum": {
          "runAfter": {
            "Initialize_variable_varPruefdatum": [
              "Succeeded"
            ]
          },
          "metadata": {
            "operationMetadataId": "d349127e-1c44-47de-97c9-784d76a85086"
          },
          "type": "InitializeVariable",
          "inputs": {
            "variables": [
              {
                "name": "varArchivdatum",
                "type": "string",
                "value": "@getPastTime(360,'Day','yyyy-MM-dd')"
              }
            ]
          }
        },
        "Initialize_variable_varGenehmigt": {
          "runAfter": {
            "Initialize_variable_varArchivDatum": [
              "Succeeded"
            ]
          },
          "metadata": {
            "operationMetadataId": "9258c53f-d2f5-41f1-8b21-ce7a95501e98"
          },
          "type": "InitializeVariable",
          "inputs": {
            "variables": [
              {
                "name": "varGenemigt",
                "type": "boolean",
                "value": false
              }
            ]
          }
        },
        "Initialize_variable_varRechnungGenehmigt": {
          "runAfter": {
            "Initialize_variable_varGenehmigt": [
              "Succeeded"
            ]
          },
          "metadata": {
            "operationMetadataId": "9258c53f-d2f5-41f1-8b21-ce7a95501e98"
          },
          "type": "InitializeVariable",
          "inputs": {
            "variables": [
              {
                "name": "varRechnungGenemigt",
                "type": "boolean",
                "value": false
              }
            ]
          }
        }
      }
    },
    "templateName": ""
  },
  "schemaVersion": "1.0.0.0"
}