{
  "properties": {
    "connectionReferences": {
      "shared_sharepointonline-1": {
        "api": {
          "name": "shared_sharepointonline"
        },
        "connection": {
          "connectionReferenceLogicalName": "pobvol_sharedsharepointonline_03a21"
        },
        "runtimeSource": "embedded"
      },
      "shared_office365-1": {
        "api": {
          "name": "shared_office365"
        },
        "connection": {
          "connectionReferenceLogicalName": "pobvol_Office365OutlookSharedCalendar"
        },
        "runtimeSource": "embedded"
      }
    },
    "definition": {
      "$schema": "https://schema.management.azure.com/providers/Microsoft.Logic/schemas/2016-06-01/workflowdefinition.json#",
      "contentVersion": "undefined",
      "parameters": {
        "$authentication": {
          "defaultValue": {},
          "type": "SecureObject"
        },
        "$connections": {
          "defaultValue": {},
          "type": "Object"
        },
        "EnvTeamseite (pobvol_shared_sharepointonline_674cc35bbaa74bdd9774c9f9a7c59ff2)": {
          "defaultValue": "https://pobvol.sharepoint.com/sites/pssService",
          "type": "String",
          "metadata": {
            "schemaName": "pobvol_shared_sharepointonline_674cc35bbaa74bdd9774c9f9a7c59ff2",
            "description": "hier eine Teamseite zuordnen"
          }
        },
        "Servicevertraege (pobvol_ServiceContracts)": {
          "defaultValue": "0934a8d8-8439-40c6-8495-0ee31c1c1692",
          "type": "String",
          "metadata": {
            "schemaName": "pobvol_ServiceContracts",
            "description": "Zugriff auf die Serviceverträge"
          }
        },
        "Einstellungen (pobvol_UVVSystemSettings)": {
          "defaultValue": "a63eb858-2182-4293-9423-623e1f0752b8",
          "type": "String",
          "metadata": {
            "schemaName": "pobvol_UVVSystemSettings"
          }
        },
        "ServicevertraegeP (pobvol_ServicevertraegeP)": {
          "defaultValue": "5fb181c0-cac8-4228-a3f9-f2827505233d",
          "type": "String",
          "metadata": {
            "schemaName": "pobvol_ServicevertraegeP",
            "description": "Services eines Vertrags"
          }
        }
      },
      "triggers": {
        "Recurrence_Runs_at_8am_each_Monday": {
          "type": "Recurrence",
          "recurrence": {
            "frequency": "Week",
            "interval": 1,
            "timeZone": "W. Europe Standard Time",
            "startTime": "2025-02-26T05:00:00Z",
            "schedule": {
              "hours": [
                "8"
              ],
              "minutes": [
                0
              ],
              "weekDays": [
                "Monday"
              ]
            }
          },
          "metadata": {
            "operationMetadataId": "ada7fb07-90f5-4d39-8e38-6cc9eeda30aa"
          }
        }
      },
      "actions": {
        "Initialize_variable_varKuendigungBis": {
          "type": "InitializeVariable",
          "inputs": {
            "variables": [
              {
                "name": "varKuendigungBis",
                "type": "string",
                "value": "@null"
              }
            ]
          },
          "runAfter": {
            "Initialize_variable_varCreateContract": [
              "Succeeded"
            ]
          },
          "metadata": {
            "operationMetadataId": "2e9b7130-5545-4e68-b3ff-17d892f61d18"
          }
        },
        "Initialize_variable_varToday": {
          "type": "InitializeVariable",
          "inputs": {
            "variables": [
              {
                "name": "varToday",
                "type": "string",
                "value": "@getFutureTime(0,'Day','yyyy-MM-dd')"
              }
            ]
          },
          "runAfter": {
            "Initialize_variable_varFollowUpContractNo": [
              "Succeeded"
            ]
          },
          "metadata": {
            "operationMetadataId": "d349127e-1c44-47de-97c9-784d76a85086"
          }
        },
        "Get_items_from_Servicevertraege": {
          "type": "OpenApiConnection",
          "inputs": {
            "parameters": {
              "dataset": "@parameters('EnvTeamseite (pobvol_shared_sharepointonline_674cc35bbaa74bdd9774c9f9a7c59ff2)')",
              "table": "@parameters('Servicevertraege (pobvol_ServiceContracts)')",
              "$filter": "KuendigungAm eq null and FollowUpContractNo eq null\n",
              "viewScopeOption": "Default"
            },
            "host": {
              "apiId": "/providers/Microsoft.PowerApps/apis/shared_sharepointonline",
              "operationId": "GetItems",
              "connectionName": "shared_sharepointonline-1"
            }
          },
          "runAfter": {
            "Initialize_variable_strEMailText": [
              "Succeeded"
            ]
          },
          "metadata": {
            "operationMetadataId": "b350a427-b723-424d-bb1f-59637a38d57d"
          }
        },
        "Apply_to_each": {
          "type": "Foreach",
          "foreach": "@outputs('Get_items_from_Servicevertraege')?['body/value']",
          "actions": {
            "Set_variable_varKuendigungBis": {
              "type": "SetVariable",
              "inputs": {
                "name": "varKuendigungBis",
                "value": "@if(equals(item()?['KuendigungBis'],null),null,substring(item()?['KuendigungBis'],0,10))\r\n\r\n"
              },
              "metadata": {
                "operationMetadataId": "9b79053a-c740-426d-a230-0135f80c320a"
              }
            },
            "Condition_CreateContract_if_varCreateContract_is_true": {
              "type": "If",
              "expression": {
                "and": [
                  {
                    "equals": [
                      "@variables('varCreateContract')",
                      true
                    ]
                  }
                ]
              },
              "actions": {
                "Create_item_in_Servicevertraege": {
                  "type": "OpenApiConnection",
                  "inputs": {
                    "parameters": {
                      "dataset": "@parameters('EnvTeamseite (pobvol_shared_sharepointonline_674cc35bbaa74bdd9774c9f9a7c59ff2)')",
                      "table": "@parameters('Servicevertraege (pobvol_ServiceContracts)')",
                      "item/Title": "Follow-up contract created by flow",
                      "item/KDNR": "@item()?['KDNR']",
                      "item/INVNR": "@item()?['INVNR']",
                      "item/ContractNo": "@getFutureTime(0,'Day','yyyyMMddhhmmss')",
                      "item/StartDateTime": "@item()?['EndDateTime']",
                      "item/LaufzeitInMonaten": "@item()?['LaufzeitInMonaten']",
                      "item/ContractType/Value": "@{item()?['ContractType/Value']}",
                      "item/EndDateTime": "@addToTime(item()?['EndDateTime'],int(item()?['LaufzeitInMonaten']),'Month')",
                      "item/IncludedServices": "@item()?['IncludedServices']",
                      "item/Interval/Value": "@item()?['Interval/Value']",
                      "item/Bemerkungen": "@item()?['Bemerkungen']",
                      "item/AutomatischeVerlaengerung": true,
                      "item/Abrechnungsintervall/Value": "@item()?['Abrechnungsintervall/Value']",
                      "item/Preis": "@item()?['Preis']",
                      "item/MwStSatz": "@item()?['MwStSatz']"
                    },
                    "host": {
                      "apiId": "/providers/Microsoft.PowerApps/apis/shared_sharepointonline",
                      "operationId": "PostItem",
                      "connectionName": "shared_sharepointonline-1"
                    }
                  },
                  "metadata": {
                    "operationMetadataId": "928238ae-0bf8-4e55-a4e7-2d899ee30f64"
                  }
                },
                "Update_item_in_Servicevertraege": {
                  "type": "OpenApiConnection",
                  "inputs": {
                    "parameters": {
                      "dataset": "@parameters('EnvTeamseite (pobvol_shared_sharepointonline_674cc35bbaa74bdd9774c9f9a7c59ff2)')",
                      "table": "@parameters('Servicevertraege (pobvol_ServiceContracts)')",
                      "id": "@item()?['ID']",
                      "item/Title": "@item()?['Title']",
                      "item/KDNR": "@item()?['KDNR']",
                      "item/INVNR": "@item()?['INVNR']",
                      "item/ContractNo": "@item()?['ContractNo']",
                      "item/StartDateTime": "@item()?['StartDateTime']",
                      "item/LaufzeitInMonaten": "@item()?['LaufzeitInMonaten']",
                      "item/FollowUpContractNo": "@outputs('Create_item_in_Servicevertraege')?['body/ContractNo']"
                    },
                    "host": {
                      "apiId": "/providers/Microsoft.PowerApps/apis/shared_sharepointonline",
                      "operationId": "PatchItem",
                      "connectionName": "shared_sharepointonline-1"
                    }
                  },
                  "runAfter": {
                    "Create_item_in_Servicevertraege": [
                      "Succeeded"
                    ]
                  },
                  "metadata": {
                    "operationMetadataId": "92e17be1-7d4c-4d90-bc3c-fa632f3d4f00"
                  }
                },
                "Get_items_from_ServicevertraegeP": {
                  "type": "OpenApiConnection",
                  "inputs": {
                    "parameters": {
                      "dataset": "@parameters('EnvTeamseite (pobvol_shared_sharepointonline_674cc35bbaa74bdd9774c9f9a7c59ff2)')",
                      "table": "@parameters('ServicevertraegeP (pobvol_ServicevertraegeP)')",
                      "$filter": "ContractNo eq '@{item()?['ContractNo']}'"
                    },
                    "host": {
                      "apiId": "/providers/Microsoft.PowerApps/apis/shared_sharepointonline",
                      "operationId": "GetItems",
                      "connectionName": "shared_sharepointonline-1"
                    }
                  },
                  "runAfter": {
                    "Update_item_in_Servicevertraege": [
                      "Succeeded"
                    ]
                  },
                  "metadata": {
                    "operationMetadataId": "b350a427-b723-424d-bb1f-59637a38d57d"
                  }
                },
                "Apply_to_each_1": {
                  "type": "Foreach",
                  "foreach": "@outputs('Get_items_from_ServicevertraegeP')?['body/value']",
                  "actions": {
                    "Create_item_in_ServicevertraegeP": {
                      "type": "OpenApiConnection",
                      "inputs": {
                        "parameters": {
                          "dataset": "@parameters('EnvTeamseite (pobvol_shared_sharepointonline_674cc35bbaa74bdd9774c9f9a7c59ff2)')",
                          "table": "@parameters('ServicevertraegeP (pobvol_ServicevertraegeP)')",
                          "item/ContractNo": "@outputs('Create_item_in_Servicevertraege')?['body/ContractNo']",
                          "item/Artikelart": "@item()?['Artikelart']",
                          "item/Serviceart": "@item()?['Serviceart']",
                          "item/Title": "@item()?['Title']",
                          "item/VNetto": "@item()?['VNetto']"
                        },
                        "host": {
                          "apiId": "/providers/Microsoft.PowerApps/apis/shared_sharepointonline",
                          "operationId": "PostItem",
                          "connectionName": "shared_sharepointonline-1"
                        }
                      },
                      "metadata": {
                        "operationMetadataId": "ecf3146b-c63b-45ba-9c91-1b43d52fd87c"
                      }
                    }
                  },
                  "runAfter": {
                    "Get_items_from_ServicevertraegeP": [
                      "Succeeded"
                    ]
                  },
                  "metadata": {
                    "operationMetadataId": "9ced884a-2e75-47be-9606-33f878eb1d6b"
                  }
                },
                "Set_variable_strEmailText": {
                  "type": "SetVariable",
                  "inputs": {
                    "name": "strEmailText",
                    "value": "\n<table border=0 cellspacing=0 cellpadding=0>\n<tr><td width=\"20%\"></td>\n<td width=\"60%\">\n\n<p style=\"text-align:right\"><span style=\"font-size:10.0pt\"><a href=\"#_A_service_contract\">English version below</a> </span></p>\n\n<h1>\n<span style=\"mso-fareast-font-family:&quot;Times New Roman&quot;\">\nEin Servicevertrag wurde automatisch erstellt.\n</span>\n</h1>\n\n<table style='table-layout:fixed;' border=1 cellspacing=5 cellpadding=5>\n<tbody>\n<tr>\n<td width=150 valign=top nowrap><span style=\"color:black; font-size:12pt\">Vertragsart</span></td>\n<td width=500 valign=top nowrap><strong><span style=\"color:black; font-size:12pt\">@{outputs('Create_item_in_Servicevertraege')?['body/ContractType/Value']}</span></strong></td>\n</tr>\n<tr>\n<td valign=top nowrap><span style=\"color:black; font-size:12pt\">Vertragsnummer</span></td>\n<td valign=top nowrap><strong><span style=\"color:black; font-size:12pt\">@{outputs('Create_item_in_Servicevertraege')?['body/ContractNo']}</span></strong></td>\n</tr>\n<tr>\n<td valign=top nowrap><span style=\"color:black; font-size:12pt\">Start- und Endedatum</span></td>\n<td valign=top nowrap><strong><span style=\"color:black; font-size:12pt\">@{formatDateTime(outputs('Create_item_in_Servicevertraege')?['body/StartDateTime'],'dd.MM.yyyy')} - @{formatDateTime(outputs('Create_item_in_Servicevertraege')?['body/EndDateTime'],'dd.MM.yyyy')}</span></strong></td>\n</tr>\n</tbody>\n</table>\n<p>\n<span lang=DE style=\"color:black; font-size:12pt\">\nBitte rufen Sie die Power App <b>pobvol Service Board</b> auf Ihrem Tablet / PC auf und prüfen Sie den Vertrag. Sollte etwas nicht stimmen, bitte die notwendigen Anpassungen vornehmen.</span>\n</p>\n\n<table cellspacing=\"0\" cellpadding=\"0\">\n<tr>\n<td lang=DE style=\"border-radius: 2px;\" bgcolor=\"#80ffff\">\n<a href=\"@{variables('pobvol Service Board Weblink')}&amp;Key=\" target=\"_blank\" style=\"padding: 8px 12px; border: 1px solid #000000;border-radius: 2px;font-family: Helvetica, Arial, sans-serif;font-size: 14px; color: #000000;text-decoration: none;font-weight:bold;display: inline-block;\">pobvol Service Board</a></td>\n</tr>\n<tr><td>&nbsp;</td></tr> \n</table>\n\n<hr>\n\n<h1>\n<a name=\"_A_service_contract\"></a>\n<span lang=EN-US style='mso-fareast-font-family:\n\"Times New Roman\";mso-ansi-language:EN-US'>\nA service contract has been created automatically.\n</span>\n</h1>\n\n<table style='table-layout:fixed;' border=1 cellspacing=5 cellpadding=5>\n<tbody>\n<tr>\n<td width=150 valign=top nowrap><span style=\"color:black; font-size:12pt\">Contract type</span></td>\n<td width=500 valign=top nowrap><strong><span style=\"color:black; font-size:12pt\">@{outputs('Create_item_in_Servicevertraege')?['body/ContractType/Value']}</span></strong></td>\n</tr>\n<tr>\n<td valign=top nowrap><span style=\"color:black; font-size:12pt\">Contract number</span></td>\n<td valign=top nowrap><strong><span style=\"color:black; font-size:12pt\">@{outputs('Create_item_in_Servicevertraege')?['body/ContractNo']}</span></strong></td>\n</tr>\n<tr>\n<td valign=top nowrap><span style=\"color:black; font-size:12pt\">Start and end date</span></td>\n<td valign=top nowrap><strong><span style=\"color:black; font-size:12pt\">@{formatDateTime(outputs('Create_item_in_Servicevertraege')?['body/StartDateTime'],'MM/dd/yyyy')} - @{formatDateTime(outputs('Create_item_in_Servicevertraege')?['body/EndDateTime'],'MM/dd/yyyy')}</span></strong></td>\n</tr>\n</tbody>\n</table>\n\n<p>\n<span lang=EN style=\"color:black; font-size:12pt;\">\nPlease open the Power App <b>pobvol Service Board</b> on your tablet / PC and check the contract. If something is wrong or missing make the necessary adjustments.\n</span>\n</p>\n\n<table cellspacing=\"0\" cellpadding=\"0\">\n<tr>\n<td lang=EN style=\"border-radius: 2px;\" bgcolor=\"#80ffff\">\n<a href=\"@{variables('pobvol Service Board Weblink')}&amp;Key=\" target=\"_blank\" style=\"padding: 8px 12px; border: 1px solid #000000;border-radius: 2px;font-family: Helvetica, Arial, sans-serif;font-size: 14px; color: #000000;text-decoration: none;font-weight:bold;display: inline-block;\">pobvol Service Board</a></td>\n<tr>\n<tr><td>&nbsp;</td></tr>\n</table>\n\n</td>\n<td width=\"20%\"></td>\n</tr>\n</table>\n\n"
                  },
                  "runAfter": {
                    "Apply_to_each_1": [
                      "Succeeded"
                    ]
                  },
                  "metadata": {
                    "operationMetadataId": "fa13929e-9888-4c1f-a356-12092b5bfcaa"
                  }
                },
                "Send_an_email_from_a_shared_mailbox_(V2)": {
                  "type": "OpenApiConnection",
                  "inputs": {
                    "parameters": {
                      "emailMessage/MailboxAddress": "@variables('varSharedMailbox')",
                      "emailMessage/To": "@variables('varAppAdminsEmail')",
                      "emailMessage/Subject": "@{variables('varTeam')}: Folgevertrag erstellt / Follow-up contract created",
                      "emailMessage/Body": "@variables('strEmailText')",
                      "emailMessage/Importance": "Normal"
                    },
                    "host": {
                      "apiId": "/providers/Microsoft.PowerApps/apis/shared_office365",
                      "operationId": "SharedMailboxSendEmailV2",
                      "connectionName": "shared_office365-1"
                    }
                  },
                  "runAfter": {
                    "Set_variable_strEmailText": [
                      "Succeeded"
                    ]
                  },
                  "metadata": {
                    "operationMetadataId": "f6ff09a8-4718-4fcc-8670-bc137c0ffdfb"
                  }
                }
              },
              "else": {
                "actions": {}
              },
              "runAfter": {
                "Condition_FollowUpContractNo_is_null": [
                  "Succeeded"
                ]
              },
              "metadata": {
                "operationMetadataId": "fca52a9f-c07f-47a4-8006-24de966ced9d"
              }
            },
            "Set_variable_varVerlaengerung": {
              "type": "SetVariable",
              "inputs": {
                "name": "varVerlaengerung",
                "value": "@item()?['AutomatischeVerlaengerung']"
              },
              "runAfter": {
                "Set_variable_varKuendigungAm": [
                  "Succeeded"
                ]
              },
              "metadata": {
                "operationMetadataId": "9b79053a-c740-426d-a230-0135f80c320a"
              }
            },
            "Set_variable_varFollowUpContractNo": {
              "type": "SetVariable",
              "inputs": {
                "name": "varFollowUpContractNo",
                "value": "@item()?['FollowUpContractNo']"
              },
              "runAfter": {
                "Set_variable_varVerlaengerung": [
                  "Succeeded"
                ]
              },
              "metadata": {
                "operationMetadataId": "9b79053a-c740-426d-a230-0135f80c320a"
              }
            },
            "Set_variable_varKuendigungAm": {
              "type": "SetVariable",
              "inputs": {
                "name": "varKuendigungAm",
                "value": "@if(equals(item()?['KuendigungAm'],null),null,substring(item()?['KuendigungAm'],0,10))\r\n\r\n"
              },
              "runAfter": {
                "Set_variable_varKuendigungBis": [
                  "Succeeded"
                ]
              },
              "metadata": {
                "operationMetadataId": "9b79053a-c740-426d-a230-0135f80c320a"
              }
            },
            "Condition_FollowUpContractNo_is_null": {
              "type": "If",
              "expression": {
                "and": [
                  {
                    "equals": [
                      "@item()?['FollowUpContractNo']",
                      "@null"
                    ]
                  }
                ]
              },
              "actions": {
                "Condition_AutomatischeVerlaengerung_is_true": {
                  "type": "If",
                  "expression": {
                    "and": [
                      {
                        "equals": [
                          "@item()?['AutomatischeVerlaengerung']",
                          true
                        ]
                      }
                    ]
                  },
                  "actions": {
                    "Condition_KuendigungErhaltenAm_is_null": {
                      "type": "If",
                      "expression": {
                        "and": [
                          {
                            "equals": [
                              "@item()?['KuendigungAm']",
                              "@null"
                            ]
                          }
                        ]
                      },
                      "actions": {
                        "Condition_KuendigungBis_is_less_than_today": {
                          "type": "If",
                          "expression": {
                            "and": [
                              {
                                "less": [
                                  "@item()?['KuendigungBis']",
                                  "@variables('varToday')"
                                ]
                              }
                            ]
                          },
                          "actions": {
                            "Set_variable_varCreateContract_to_true": {
                              "type": "SetVariable",
                              "inputs": {
                                "name": "varCreateContract",
                                "value": true
                              },
                              "metadata": {
                                "operationMetadataId": "824a5d0b-1a21-4197-a90a-3a8d971b11ee"
                              }
                            }
                          },
                          "else": {
                            "actions": {}
                          },
                          "metadata": {
                            "operationMetadataId": "7974080a-aedb-4022-9457-ed54f597b889"
                          }
                        }
                      },
                      "else": {
                        "actions": {}
                      },
                      "metadata": {
                        "operationMetadataId": "3c5077ad-89be-4f31-8bca-70ef77d1d9b5"
                      }
                    }
                  },
                  "else": {
                    "actions": {}
                  },
                  "metadata": {
                    "operationMetadataId": "7e3612dd-1e6e-495e-bb2f-3ab81d0b19f2"
                  }
                }
              },
              "else": {
                "actions": {}
              },
              "runAfter": {
                "Set_variable_varCreateContract_to_false": [
                  "Succeeded"
                ]
              },
              "metadata": {
                "operationMetadataId": "ce637630-2adb-41e3-902a-8b5e4c273787"
              }
            },
            "Set_variable_varCreateContract_to_false": {
              "type": "SetVariable",
              "inputs": {
                "name": "varCreateContract",
                "value": false
              },
              "runAfter": {
                "Set_variable_varFollowUpContractNo": [
                  "Succeeded"
                ]
              },
              "metadata": {
                "operationMetadataId": "0500d1c1-b020-4152-8065-f37e6599af9f"
              }
            }
          },
          "runAfter": {
            "Get_items_from_Servicevertraege": [
              "Succeeded"
            ]
          },
          "metadata": {
            "operationMetadataId": "a49291db-3759-45e3-a3a1-2c7cc549ee3c"
          }
        },
        "Initialize_variable_varVerlaengerung": {
          "type": "InitializeVariable",
          "inputs": {
            "variables": [
              {
                "name": "varVerlaengerung",
                "type": "boolean",
                "value": false
              }
            ]
          },
          "runAfter": {
            "Initialize_variable_varKuendigungAm": [
              "Succeeded"
            ]
          },
          "metadata": {
            "operationMetadataId": "2e9b7130-5545-4e68-b3ff-17d892f61d18"
          }
        },
        "Initialize_variable_varFollowUpContractNo": {
          "type": "InitializeVariable",
          "inputs": {
            "variables": [
              {
                "name": "varFollowUpContractNo",
                "type": "string",
                "value": "@null"
              }
            ]
          },
          "runAfter": {
            "Initialize_variable_varVerlaengerung": [
              "Succeeded"
            ]
          },
          "metadata": {
            "operationMetadataId": "2e9b7130-5545-4e68-b3ff-17d892f61d18"
          }
        },
        "Initialize_variable_varAppAdminsEmail": {
          "type": "InitializeVariable",
          "inputs": {
            "variables": [
              {
                "name": "varAppAdminsEmail",
                "type": "string"
              }
            ]
          },
          "runAfter": {
            "Initialize_variable_varToday": [
              "Succeeded"
            ]
          },
          "metadata": {
            "operationMetadataId": "cebd4907-4445-480d-bd91-216bbe741727"
          }
        },
        "Get_items_pobvol_pssService_Admin": {
          "type": "OpenApiConnection",
          "inputs": {
            "parameters": {
              "dataset": "@parameters('EnvTeamseite (pobvol_shared_sharepointonline_674cc35bbaa74bdd9774c9f9a7c59ff2)')",
              "table": "@parameters('Einstellungen (pobvol_UVVSystemSettings)')",
              "$filter": "Title eq '@{variables('varTenant')}.@{variables('varTeam')}.Admin'"
            },
            "host": {
              "apiId": "/providers/Microsoft.PowerApps/apis/shared_sharepointonline",
              "operationId": "GetItems",
              "connectionName": "shared_sharepointonline-1"
            }
          },
          "runAfter": {
            "Initialize_variable_varAppAdminsEmail": [
              "Succeeded"
            ]
          },
          "metadata": {
            "operationMetadataId": "c465b351-d8d6-452f-b7e0-160d06f01324"
          }
        },
        "Apply_to_each_App_Admin": {
          "type": "Foreach",
          "foreach": "@outputs('Get_items_pobvol_pssService_Admin')?['body/value']",
          "actions": {
            "Append_to_string_variable_varAppAdminEmail": {
              "type": "AppendToStringVariable",
              "inputs": {
                "name": "varAppAdminsEmail",
                "value": "@{item()?['Wert']}; "
              },
              "metadata": {
                "operationMetadataId": "2906a6e4-f044-4e55-bbcf-4df41797d7a1"
              }
            }
          },
          "runAfter": {
            "Get_items_pobvol_pssService_Admin": [
              "Succeeded"
            ]
          },
          "metadata": {
            "operationMetadataId": "38efd433-eb8b-4c9b-bddb-ce43229a64db"
          }
        },
        "Initialize_variable_varKuendigungAm": {
          "type": "InitializeVariable",
          "inputs": {
            "variables": [
              {
                "name": "varKuendigungAm",
                "type": "string",
                "value": "@null"
              }
            ]
          },
          "runAfter": {
            "Initialize_variable_varKuendigungBis": [
              "Succeeded"
            ]
          },
          "metadata": {
            "operationMetadataId": "2e9b7130-5545-4e68-b3ff-17d892f61d18"
          }
        },
        "Initialize_variable_varCreateContract": {
          "type": "InitializeVariable",
          "inputs": {
            "variables": [
              {
                "name": "varCreateContract",
                "type": "boolean",
                "value": false
              }
            ]
          },
          "runAfter": {
            "Apply_to_each_entry_for_pobvol_Service_Board_Weblink": [
              "Succeeded"
            ]
          },
          "metadata": {
            "operationMetadataId": "a16c1f20-e222-43d9-ad14-b17b93003434"
          }
        },
        "Initialize_variable_varTeam": {
          "type": "InitializeVariable",
          "inputs": {
            "variables": [
              {
                "name": "varTeam",
                "type": "string",
                "value": "@{null}"
              }
            ]
          },
          "runAfter": {
            "Apply_to_each_SharePoint.Domain": [
              "Succeeded"
            ]
          },
          "metadata": {
            "operationMetadataId": "5c2a6d84-1039-41b0-9ae8-e8bec262d0e7"
          }
        },
        "Get_items_SharePoint.Team": {
          "type": "OpenApiConnection",
          "inputs": {
            "parameters": {
              "dataset": "@parameters('EnvTeamseite (pobvol_shared_sharepointonline_674cc35bbaa74bdd9774c9f9a7c59ff2)')",
              "table": "@parameters('Einstellungen (pobvol_UVVSystemSettings)')",
              "$filter": "Title eq 'SharePoint.Team'",
              "$top": 1
            },
            "host": {
              "apiId": "/providers/Microsoft.PowerApps/apis/shared_sharepointonline",
              "operationId": "GetItems",
              "connectionName": "shared_sharepointonline-1"
            }
          },
          "runAfter": {
            "Initialize_variable_varTeam": [
              "Succeeded"
            ]
          },
          "metadata": {
            "operationMetadataId": "c465b351-d8d6-452f-b7e0-160d06f01324"
          }
        },
        "Apply_to_each_SharePoint.Team": {
          "type": "Foreach",
          "foreach": "@outputs('Get_items_SharePoint.Team')?['body/value']",
          "actions": {
            "Set_variable_varTeam": {
              "type": "SetVariable",
              "inputs": {
                "name": "varTeam",
                "value": "@item()?['Wert']"
              },
              "metadata": {
                "operationMetadataId": "ce76cd8e-0b51-43cd-a805-3f2b41615df4"
              }
            }
          },
          "runAfter": {
            "Get_items_SharePoint.Team": [
              "Succeeded"
            ]
          },
          "metadata": {
            "operationMetadataId": "38efd433-eb8b-4c9b-bddb-ce43229a64db"
          }
        },
        "Initialize_variable_varSharedMailbox": {
          "type": "InitializeVariable",
          "inputs": {
            "variables": [
              {
                "name": "varSharedMailbox",
                "type": "string",
                "value": "@{null}"
              }
            ]
          },
          "runAfter": {
            "Apply_to_each_SharePoint.Team": [
              "Succeeded"
            ]
          },
          "metadata": {
            "operationMetadataId": "5c2a6d84-1039-41b0-9ae8-e8bec262d0e7"
          }
        },
        "Get_items_Shared_mailbox": {
          "type": "OpenApiConnection",
          "inputs": {
            "parameters": {
              "dataset": "@parameters('EnvTeamseite (pobvol_shared_sharepointonline_674cc35bbaa74bdd9774c9f9a7c59ff2)')",
              "table": "@parameters('Einstellungen (pobvol_UVVSystemSettings)')",
              "$filter": "Title eq 'Shared mailbox'",
              "$top": 1
            },
            "host": {
              "apiId": "/providers/Microsoft.PowerApps/apis/shared_sharepointonline",
              "operationId": "GetItems",
              "connectionName": "shared_sharepointonline-1"
            }
          },
          "runAfter": {
            "Initialize_variable_varSharedMailbox": [
              "Succeeded"
            ]
          },
          "metadata": {
            "operationMetadataId": "c465b351-d8d6-452f-b7e0-160d06f01324"
          }
        },
        "Apply_to_each_Shared_mailbox": {
          "type": "Foreach",
          "foreach": "@outputs('Get_items_Shared_mailbox')?['body/value']",
          "actions": {
            "Set_variable_varSharedMailbox": {
              "type": "SetVariable",
              "inputs": {
                "name": "varSharedMailbox",
                "value": "@items('Apply_to_each_Shared_mailbox')?['Wert']"
              },
              "metadata": {
                "operationMetadataId": "ce76cd8e-0b51-43cd-a805-3f2b41615df4"
              }
            }
          },
          "runAfter": {
            "Get_items_Shared_mailbox": [
              "Succeeded"
            ]
          },
          "metadata": {
            "operationMetadataId": "38efd433-eb8b-4c9b-bddb-ce43229a64db"
          }
        },
        "Initialize_variable_pobvol_Service_Board_Weblink": {
          "type": "InitializeVariable",
          "inputs": {
            "variables": [
              {
                "name": "pobvol Service Board Weblink",
                "type": "string",
                "value": "@{null}"
              }
            ]
          },
          "runAfter": {
            "Apply_to_each_Shared_mailbox": [
              "Succeeded"
            ]
          },
          "metadata": {
            "operationMetadataId": "807bf4f4-8c65-4ac3-a829-474af10d5982"
          }
        },
        "Get_items_pobvol_Service_Board_Weblink": {
          "type": "OpenApiConnection",
          "inputs": {
            "parameters": {
              "dataset": "@parameters('EnvTeamseite (pobvol_shared_sharepointonline_674cc35bbaa74bdd9774c9f9a7c59ff2)')",
              "table": "@parameters('Einstellungen (pobvol_UVVSystemSettings)')",
              "$filter": "Title eq 'pssService Board.Weblink'",
              "$top": 1
            },
            "host": {
              "apiId": "/providers/Microsoft.PowerApps/apis/shared_sharepointonline",
              "operationId": "GetItems",
              "connectionName": "shared_sharepointonline-1"
            }
          },
          "runAfter": {
            "Initialize_variable_pobvol_Service_Board_Weblink": [
              "Succeeded"
            ]
          },
          "metadata": {
            "operationMetadataId": "cf2b8f20-ed63-4f8f-bb78-5f1966e3be55"
          }
        },
        "Apply_to_each_entry_for_pobvol_Service_Board_Weblink": {
          "type": "Foreach",
          "foreach": "@outputs('Get_items_pobvol_Service_Board_Weblink')?['body/value']",
          "actions": {
            "Set_variable_pobvol_Service_Board_Weblink": {
              "type": "SetVariable",
              "inputs": {
                "name": "pobvol Service Board Weblink",
                "value": "@items('Apply_to_each_entry_for_pobvol_Service_Board_Weblink')?['Wert']"
              },
              "metadata": {
                "operationMetadataId": "6fd81368-e881-4b4e-a78a-d3e013f259ef"
              }
            }
          },
          "runAfter": {
            "Get_items_pobvol_Service_Board_Weblink": [
              "Succeeded"
            ]
          },
          "metadata": {
            "operationMetadataId": "5148e63a-0b93-457b-babb-0f98ff21941a"
          }
        },
        "Initialize_variable_strEMailText": {
          "type": "InitializeVariable",
          "inputs": {
            "variables": [
              {
                "name": "strEmailText",
                "type": "string",
                "value": "@{null}"
              }
            ]
          },
          "runAfter": {
            "Apply_to_each_App_Admin": [
              "Succeeded"
            ]
          },
          "metadata": {
            "operationMetadataId": "3f41dad7-599a-4730-809c-353af610d9d7"
          }
        },
        "Initialize_variable_varTenant": {
          "type": "InitializeVariable",
          "inputs": {
            "variables": [
              {
                "name": "varTenant",
                "type": "string",
                "value": "@null"
              }
            ]
          },
          "runAfter": {},
          "metadata": {
            "operationMetadataId": "4a8e242a-4550-4a6e-a42b-c4711a2239ce"
          }
        },
        "Get_items_SharePoint.Domain": {
          "type": "OpenApiConnection",
          "inputs": {
            "parameters": {
              "dataset": "@parameters('EnvTeamseite (pobvol_shared_sharepointonline_674cc35bbaa74bdd9774c9f9a7c59ff2)')",
              "table": "@parameters('Einstellungen (pobvol_UVVSystemSettings)')",
              "$filter": "Title eq 'SharePoint.Domain'",
              "$top": 1
            },
            "host": {
              "apiId": "/providers/Microsoft.PowerApps/apis/shared_sharepointonline",
              "operationId": "GetItems",
              "connectionName": "shared_sharepointonline-1"
            }
          },
          "runAfter": {
            "Initialize_variable_varTenant": [
              "Succeeded"
            ]
          },
          "metadata": {
            "operationMetadataId": "c465b351-d8d6-452f-b7e0-160d06f01324"
          }
        },
        "Apply_to_each_SharePoint.Domain": {
          "type": "Foreach",
          "foreach": "@outputs('Get_items_SharePoint.Domain')?['body/value']",
          "actions": {
            "Set_variable_varTenant": {
              "type": "SetVariable",
              "inputs": {
                "name": "varTenant",
                "value": "@item()?['Wert']"
              },
              "metadata": {
                "operationMetadataId": "ce76cd8e-0b51-43cd-a805-3f2b41615df4"
              }
            }
          },
          "runAfter": {
            "Get_items_SharePoint.Domain": [
              "Succeeded"
            ]
          },
          "metadata": {
            "operationMetadataId": "38efd433-eb8b-4c9b-bddb-ce43229a64db"
          }
        }
      }
    },
    "templateName": null
  },
  "schemaVersion": "1.0.0.0"
}