{
  "properties": {
    "connectionReferences": {
      "shared_sharepointonline_1": {
        "api": {
          "name": "shared_sharepointonline"
        },
        "connection": {
          "connectionReferenceLogicalName": "pobvol_sharedsharepointonline_03a21"
        },
        "runtimeSource": "embedded"
      }
    },
    "definition": {
      "$schema": "https://schema.management.azure.com/providers/Microsoft.Logic/schemas/2016-06-01/workflowdefinition.json#",
      "contentVersion": "1.0.0.0",
      "parameters": {
        "$authentication": {
          "defaultValue": {},
          "type": "SecureObject"
        },
        "$connections": {
          "defaultValue": {},
          "type": "Object"
        },
        "EnvTeamseite (pobvol_shared_sharepointonline_674cc35bbaa74bdd9774c9f9a7c59ff2)": {
          "defaultValue": "https://pobvol.sharepoint.com/sites/pssService",
          "type": "String",
          "metadata": {
            "schemaName": "pobvol_shared_sharepointonline_674cc35bbaa74bdd9774c9f9a7c59ff2",
            "description": "hier eine Teamseite zuordnen"
          }
        },
        "Servicevorgaenge (pobvol_shared_sharepointonline_fbaeddd2ed124d13a8aa0b54818e452b)": {
          "defaultValue": "5eec20f3-c8a6-4aae-9db8-1cedaff60eed",
          "type": "String",
          "metadata": {
            "schemaName": "pobvol_shared_sharepointonline_fbaeddd2ed124d13a8aa0b54818e452b"
          }
        },
        "Servicekunden (pobvol_shared_sharepointonline_19e9c73788c14d0aa8e0343b24c71ec4)": {
          "defaultValue": "305b6341-5bc6-4bfe-86aa-44dc4fddb6d1",
          "type": "String",
          "metadata": {
            "schemaName": "pobvol_shared_sharepointonline_19e9c73788c14d0aa8e0343b24c71ec4"
          }
        },
        "Kundeninventar (pobvol_shared_sharepointonline_ced903bad30d4391882d43607ff8c0db)": {
          "defaultValue": "128569c1-e914-4941-bb72-f23efc6b11e5",
          "type": "String",
          "metadata": {
            "schemaName": "pobvol_shared_sharepointonline_ced903bad30d4391882d43607ff8c0db"
          }
        }
      },
      "triggers": {
        "When_an_item_is_created_in_Servicevorgaenge": {
          "type": "OpenApiConnection",
          "inputs": {
            "parameters": {
              "dataset": "@parameters('EnvTeamseite (pobvol_shared_sharepointonline_674cc35bbaa74bdd9774c9f9a7c59ff2)')",
              "table": "@parameters('Servicevorgaenge (pobvol_shared_sharepointonline_fbaeddd2ed124d13a8aa0b54818e452b)')"
            },
            "host": {
              "apiId": "/providers/Microsoft.PowerApps/apis/shared_sharepointonline",
              "operationId": "GetOnNewItems",
              "connectionName": "shared_sharepointonline_1"
            }
          },
          "recurrence": {
            "interval": 5,
            "frequency": "Minute"
          },
          "splitOn": "@triggerOutputs()?['body/value']",
          "metadata": {
            "operationMetadataId": "d9565745-6ddf-44b3-8c77-0b0518aa7767"
          }
        }
      },
      "actions": {
        "Find_the_customer_record": {
          "type": "OpenApiConnection",
          "inputs": {
            "parameters": {
              "dataset": "@parameters('EnvTeamseite (pobvol_shared_sharepointonline_674cc35bbaa74bdd9774c9f9a7c59ff2)')",
              "table": "@parameters('Servicekunden (pobvol_shared_sharepointonline_19e9c73788c14d0aa8e0343b24c71ec4)')",
              "$filter": "KDNR eq '@{triggerOutputs()?['body/field_8']}'",
              "$top": 1
            },
            "host": {
              "apiId": "/providers/Microsoft.PowerApps/apis/shared_sharepointonline",
              "operationId": "GetItems",
              "connectionName": "shared_sharepointonline_1"
            }
          },
          "runAfter": {},
          "metadata": {
            "operationMetadataId": "5149303a-087f-4b66-a4c2-732668b0bb1b"
          }
        },
        "Read_the_customer_record_and_update_Servicevorgaenge_record": {
          "type": "Foreach",
          "foreach": "@outputs('Find_the_customer_record')?['body/value']",
          "actions": {
            "Update_Servicevorgaenge_Set_customer_data": {
              "type": "OpenApiConnection",
              "inputs": {
                "parameters": {
                  "dataset": "@parameters('EnvTeamseite (pobvol_shared_sharepointonline_674cc35bbaa74bdd9774c9f9a7c59ff2)')",
                  "table": "@parameters('Servicevorgaenge (pobvol_shared_sharepointonline_fbaeddd2ed124d13a8aa0b54818e452b)')",
                  "id": "@triggerOutputs()?['body/ID']",
                  "item/Title": "@triggerOutputs()?['body/Title']",
                  "item/Kunde": "@items('Read_the_customer_record_and_update_Servicevorgaenge_record')?['Kunde']",
                  "item/Strasse": "@items('Read_the_customer_record_and_update_Servicevorgaenge_record')?['Strasse']",
                  "item/Plz": "@items('Read_the_customer_record_and_update_Servicevorgaenge_record')?['Plz']",
                  "item/Kundenort": "@items('Read_the_customer_record_and_update_Servicevorgaenge_record')?['Kundenort']",
                  "item/Land": "@items('Read_the_customer_record_and_update_Servicevorgaenge_record')?['Land']",
                  "item/Ansprechpartner": "@items('Read_the_customer_record_and_update_Servicevorgaenge_record')?['Ansprechpartner']",
                  "item/Telefon": "@items('Read_the_customer_record_and_update_Servicevorgaenge_record')?['Telefon']",
                  "item/EMail": "@items('Read_the_customer_record_and_update_Servicevorgaenge_record')?['E_x002d_Mail']",
                  "item/Kundensprache": "@items('Read_the_customer_record_and_update_Servicevorgaenge_record')?['Sprache']"
                },
                "host": {
                  "apiId": "/providers/Microsoft.PowerApps/apis/shared_sharepointonline",
                  "operationId": "PatchItem",
                  "connectionName": "shared_sharepointonline_1"
                }
              },
              "metadata": {
                "operationMetadataId": "8857045a-e3f7-4b71-a182-bc7cae692e33"
              }
            }
          },
          "runAfter": {
            "Find_the_customer_record": [
              "Succeeded"
            ]
          },
          "metadata": {
            "operationMetadataId": "a730a0dc-f022-4838-8ea9-f4a1f58b4d25"
          }
        },
        "Find_the_device_record": {
          "type": "OpenApiConnection",
          "inputs": {
            "parameters": {
              "dataset": "@parameters('EnvTeamseite (pobvol_shared_sharepointonline_674cc35bbaa74bdd9774c9f9a7c59ff2)')",
              "table": "@parameters('Kundeninventar (pobvol_shared_sharepointonline_ced903bad30d4391882d43607ff8c0db)')",
              "$filter": "KDNR eq '@{triggerOutputs()?['body/field_8']}' and INVNR eq '@{triggerOutputs()?['body/field_7']}'",
              "$top": 1
            },
            "host": {
              "apiId": "/providers/Microsoft.PowerApps/apis/shared_sharepointonline",
              "operationId": "GetItems",
              "connectionName": "shared_sharepointonline_1"
            }
          },
          "runAfter": {
            "Read_the_customer_record_and_update_Servicevorgaenge_record": [
              "Succeeded"
            ]
          },
          "metadata": {
            "operationMetadataId": "9b49e78c-a034-4477-9fed-2432bbbf9f25"
          }
        },
        "Read_the_device_record_and_update_Servicevorgaenge_record": {
          "type": "Foreach",
          "foreach": "@outputs('Find_the_device_record')?['body/value']",
          "actions": {
            "Update_Servicevorgaenge_set_device_data": {
              "type": "OpenApiConnection",
              "inputs": {
                "parameters": {
                  "dataset": "@parameters('EnvTeamseite (pobvol_shared_sharepointonline_674cc35bbaa74bdd9774c9f9a7c59ff2)')",
                  "table": "@parameters('Servicevorgaenge (pobvol_shared_sharepointonline_fbaeddd2ed124d13a8aa0b54818e452b)')",
                  "id": "@triggerOutputs()?['body/ID']",
                  "item/Title": "@triggerOutputs()?['body/Title']",
                  "item/Serien_x002d_Nr": "@if(equals(triggerBody()?['Serien_x002d_Nr'], null), item()?['Serien_x002d_Nr'],triggerBody()?['Serien_x002d_Nr'])\r\n",
                  "item/Standort": "@if(equals(triggerBody()?['Standort'], null), item()?['Standort'],triggerBody()?['Standort'])\r\n",
                  "item/Location": "@if(equals(triggerBody()?['Location'], null), item()?['Location'],triggerBody()?['Location'])\r\n",
                  "item/Baujahr": "@if(equals(triggerBody()?['Baujahr'], null), item()?['Baujahr'],triggerBody()?['Baujahr'])\r\n",
                  "item/Softwareversion": "@if(equals(triggerBody()?['Softwareversion'], null), item()?['Softwareversion'],triggerBody()?['Softwareversion'])\r\n",
                  "item/Hardwarestand": "@if(equals(triggerBody()?['Hardwarestand'], null), item()?['Hardwarestand'],triggerBody()?['Hardwarestand'])\r\n",
                  "item/Modulinformation": "@if(equals(triggerBody()?['Modulinformation'], null), item()?['Modulinformation'],triggerBody()?['Modulinformation'])\r\n",
                  "item/Garantie_bis": "@items('Read_the_device_record_and_update_Servicevorgaenge_record')?['Garantie_bis']"
                },
                "host": {
                  "apiId": "/providers/Microsoft.PowerApps/apis/shared_sharepointonline",
                  "operationId": "PatchItem",
                  "connectionName": "shared_sharepointonline_1"
                }
              },
              "metadata": {
                "operationMetadataId": "c484522e-b497-4901-9fd6-fa753f74ab09"
              }
            }
          },
          "runAfter": {
            "Find_the_device_record": [
              "Succeeded"
            ]
          },
          "metadata": {
            "operationMetadataId": "4a12a3bb-6d7b-4bf8-a0d3-563dadde1eae"
          }
        }
      }
    },
    "templateName": null
  },
  "schemaVersion": "1.0.0.0"
}