{
  "properties": {
    "connectionReferences": {
      "shared_sharepointonline_1": {
        "api": {
          "name": "shared_sharepointonline"
        },
        "connection": {
          "connectionReferenceLogicalName": "pobvol_sharedsharepointonline_03a21"
        },
        "runtimeSource": "embedded"
      }
    },
    "definition": {
      "$schema": "https://schema.management.azure.com/providers/Microsoft.Logic/schemas/2016-06-01/workflowdefinition.json#",
      "contentVersion": "1.0.0.0",
      "parameters": {
        "$authentication": {
          "defaultValue": {},
          "type": "SecureObject"
        },
        "$connections": {
          "defaultValue": {},
          "type": "Object"
        },
        "EnvTeamseite (pobvol_shared_sharepointonline_674cc35bbaa74bdd9774c9f9a7c59ff2)": {
          "defaultValue": "https://pobvol.sharepoint.com/sites/pssService",
          "type": "String",
          "metadata": {
            "schemaName": "pobvol_shared_sharepointonline_674cc35bbaa74bdd9774c9f9a7c59ff2",
            "description": "hier eine Teamseite zuordnen"
          }
        },
        "Serviceberichte (pobvol_shared_sharepointonline_adf13cd6c2034fb49022f1994a804140)": {
          "defaultValue": "80ec4c29-4791-4240-88c8-d7c1981bc203",
          "type": "String",
          "metadata": {
            "schemaName": "pobvol_shared_sharepointonline_adf13cd6c2034fb49022f1994a804140"
          }
        },
        "ArchivServiceberichte (pobvol_UVVBerichteArchiv)": {
          "defaultValue": "21662b94-4d71-4fe8-9573-2dc91a5d7157",
          "type": "String",
          "metadata": {
            "schemaName": "pobvol_UVVBerichteArchiv"
          }
        }
      },
      "triggers": {
        "Runs_monthly_on_1st_day_at_8_am": {
          "type": "Recurrence",
          "recurrence": {
            "frequency": "Month",
            "interval": 1,
            "timeZone": "W. Europe Standard Time",
            "startTime": "2025-05-01T08:00:00Z"
          },
          "metadata": {
            "operationMetadataId": "29ec563c-61d3-427e-bb64-0254ba9b1165"
          }
        }
      },
      "actions": {
        "Get_items_from_Serviceberichte": {
          "type": "OpenApiConnection",
          "inputs": {
            "parameters": {
              "dataset": "@parameters('EnvTeamseite (pobvol_shared_sharepointonline_674cc35bbaa74bdd9774c9f9a7c59ff2)')",
              "table": "@parameters('Serviceberichte (pobvol_shared_sharepointonline_adf13cd6c2034fb49022f1994a804140)')",
              "$filter": "Pruefdatum lt '@{variables('varArchivdatum')}' "
            },
            "host": {
              "apiId": "/providers/Microsoft.PowerApps/apis/shared_sharepointonline",
              "operationId": "GetItems",
              "connectionName": "shared_sharepointonline_1"
            }
          },
          "runAfter": {
            "Initialize_variable_varGenehmigt": [
              "Succeeded"
            ]
          }
        },
        "For_each": {
          "type": "Foreach",
          "foreach": "@outputs('Get_items_from_Serviceberichte')?['body/value']",
          "actions": {
            "Set_variable_varPruefdatum": {
              "type": "SetVariable",
              "inputs": {
                "name": "varPruefdatum",
                "value": "@convertToUtc(item()?['Pruefdatum'], 'Romance Standard Time','yyyy-MM-dd')"
              }
            },
            "Condition": {
              "type": "If",
              "expression": {
                "and": [
                  {
                    "less": [
                      "@variables('varPruefdatum')",
                      "@variables('varArchivdatum')"
                    ]
                  },
                  {
                    "equals": [
                      "@variables('varGenemigt')",
                      true
                    ]
                  }
                ]
              },
              "actions": {
                "Create_item_in_ArchiveServiceberichte": {
                  "type": "OpenApiConnection",
                  "inputs": {
                    "parameters": {
                      "dataset": "@parameters('EnvTeamseite (pobvol_shared_sharepointonline_674cc35bbaa74bdd9774c9f9a7c59ff2)')",
                      "table": "@parameters('ArchivServiceberichte (pobvol_UVVBerichteArchiv)')",
                      "item/Title": "@item()?['Title']",
                      "item/ServiceID": "@item()?['ServiceID']",
                      "item/KEY": "@item()?['KEY']",
                      "item/Pruefdatum": "@item()?['Pruefdatum']",
                      "item/Pruefer": "@item()?['Pruefer']",
                      "item/Kunde": "@item()?['Kunde']",
                      "item/Kunden_x002d_Nr": "@item()?['Kunden_x002d_Nr']",
                      "item/Plz": "@item()?['Plz']",
                      "item/Strasse": "@item()?['Strasse']",
                      "item/Land": "@item()?['Land']",
                      "item/Kundenort": "@item()?['Kundenort']",
                      "item/Telefon": "@item()?['Telefon']",
                      "item/Ansprechpartner": "@item()?['Ansprechpartner']",
                      "item/MA_x0020_INV_x002d_Nr": "@item()?['MA_x0020_INV_x002d_Nr']",
                      "item/EMail": "@item()?['EMail']",
                      "item/Hersteller": "@item()?['Hersteller']",
                      "item/Inventarart": "@item()?['Inventarart']",
                      "item/Baujahr": "@item()?['Baujahr']",
                      "item/Geraeteart": "@item()?['Geraeteart']",
                      "item/Standort": "@item()?['Standort']",
                      "item/Serien_x002d_Nr": "@item()?['Serien_x002d_Nr']",
                      "item/Plakette_x0020_erteilt": "@item()?['Plakette_x0020_erteilt']",
                      "item/Betriebsstunden": "@item()?['Betriebsstunden']",
                      "item/Bemerkung": "@item()?['Bemerkung']",
                      "item/Status": "@item()?['Status']",
                      "item/naechste_x0020_Pruefung": "@item()?['naechste_x0020_Pruefung']",
                      "item/Genehmigt": "@item()?['Genehmigt']",
                      "item/Gesendet": "@item()?['Gesendet']",
                      "item/naechste_x0020_Pruefung_x0020_Id": "@item()?['naechste_x0020_Pruefung_x0020_Id']",
                      "item/Geraetetyp": "@item()?['Geraetetyp']",
                      "item/Serviceart": "@item()?['Serviceart']",
                      "item/Softwareversion": "@item()?['Softwareversion']",
                      "item/AbweichendeLieferanschrift": "@item()?['AbweichendeLieferanschrift']",
                      "item/Hardwarestand": "@item()?['Hardwarestand']",
                      "item/Modulinformation": "@item()?['Modulinformation']",
                      "item/KDAUFNR": "@item()?['KDAUFNR']",
                      "item/KDAUFDATUM": "@item()?['KDAUFDATUM']",
                      "item/KDAUFKONTAKT": "@item()?['KDAUFKONTAKT']",
                      "item/Eingangsdatum": "@item()?['Eingangsdatum']",
                      "item/SourceID": "@item()?['ID']",
                      "item/Maengelklasse": "@item()?['Maengelklasse']",
                      "item/SicherheitserheblicheKommentare": "@item()?['SicherheitserheblicheKommentare']",
                      "item/MaengelklasseText": "@item()?['MaengelklasseText']",
                      "item/Pruefmonat": "@item()?['Pruefmonat']",
                      "item/Pruefjahr": "@item()?['Pruefjahr']",
                      "item/PDFID": "@item()?['PDFID']",
                      "item/ServiceartText": "@item()?['ServiceartText']",
                      "item/ChecklisteText": "@item()?['ChecklisteText']",
                      "item/Kundensprache": "@item()?['Kundensprache']",
                      "item/Garantie_bis": "@item()?['Garantie_bis']",
                      "item/GeraetetypText": "@item()?['GeraetetypText']",
                      "item/DauerInMin": "@item()?['DauerInMin0']",
                      "item/Garantie": "@item()?['Serviceart_Garantie']",
                      "item/to_be_deleted": "@item()?['to_be_deleted']",
                      "item/EDV_x002d_Flag": "@item()?['EDV_x002d_Flag']"
                    },
                    "host": {
                      "apiId": "/providers/Microsoft.PowerApps/apis/shared_sharepointonline",
                      "operationId": "PostItem",
                      "connectionName": "shared_sharepointonline_1"
                    }
                  }
                },
                "Delete_item_from_Serviceberichte": {
                  "type": "OpenApiConnection",
                  "inputs": {
                    "parameters": {
                      "dataset": "@parameters('EnvTeamseite (pobvol_shared_sharepointonline_674cc35bbaa74bdd9774c9f9a7c59ff2)')",
                      "table": "@parameters('Serviceberichte (pobvol_shared_sharepointonline_adf13cd6c2034fb49022f1994a804140)')",
                      "id": "@item()?['ID']"
                    },
                    "host": {
                      "apiId": "/providers/Microsoft.PowerApps/apis/shared_sharepointonline",
                      "operationId": "DeleteItem",
                      "connectionName": "shared_sharepointonline_1"
                    }
                  },
                  "runAfter": {
                    "Create_item_in_ArchiveServiceberichte": [
                      "Succeeded"
                    ]
                  }
                }
              },
              "else": {
                "actions": {}
              },
              "runAfter": {
                "Set_variable_varGenehmigt": [
                  "Succeeded"
                ]
              }
            },
            "Set_variable_varGenehmigt": {
              "type": "SetVariable",
              "inputs": {
                "name": "varGenemigt",
                "value": "@item()?['Genehmigt']"
              },
              "runAfter": {
                "Set_variable_varPruefdatum": [
                  "Succeeded"
                ]
              }
            }
          },
          "runAfter": {
            "Get_items_from_Serviceberichte": [
              "Succeeded"
            ]
          },
          "runtimeConfiguration": {
            "concurrency": {
              "repetitions": 20
            }
          }
        },
        "Initialize_variable_varPruefdatum": {
          "type": "InitializeVariable",
          "inputs": {
            "variables": [
              {
                "name": "varPruefdatum",
                "type": "string",
                "value": "@null"
              }
            ]
          },
          "runAfter": {}
        },
        "Initialize_variable_varArchivDatum": {
          "type": "InitializeVariable",
          "inputs": {
            "variables": [
              {
                "name": "varArchivdatum",
                "type": "string",
                "value": "@getPastTime(180,'Day','yyyy-MM-dd')"
              }
            ]
          },
          "runAfter": {
            "Initialize_variable_varPruefdatum": [
              "Succeeded"
            ]
          }
        },
        "Initialize_variable_varGenehmigt": {
          "type": "InitializeVariable",
          "inputs": {
            "variables": [
              {
                "name": "varGenemigt",
                "type": "boolean",
                "value": false
              }
            ]
          },
          "runAfter": {
            "Initialize_variable_varArchivDatum": [
              "Succeeded"
            ]
          }
        }
      }
    },
    "templateName": null
  },
  "schemaVersion": "1.0.0.0"
}