{
  "properties": {
    "connectionReferences": {
      "shared_onedriveforbusiness_1": {
        "api": {
          "name": "shared_onedriveforbusiness"
        },
        "connection": {
          "connectionReferenceLogicalName": "pobvol_Office365OneDriveCentralServices"
        },
        "runtimeSource": "invoker"
      },
      "shared_sharepointonline": {
        "api": {
          "name": "shared_sharepointonline"
        },
        "connection": {
          "connectionReferenceLogicalName": "pobvol_sharedsharepointonline_03a21"
        },
        "runtimeSource": "invoker"
      }
    },
    "definition": {
      "$schema": "https://schema.management.azure.com/providers/Microsoft.Logic/schemas/2016-06-01/workflowdefinition.json#",
      "contentVersion": "1.0.0.0",
      "parameters": {
        "$authentication": {
          "defaultValue": {},
          "type": "SecureObject"
        },
        "$connections": {
          "defaultValue": {},
          "type": "Object"
        },
        "EnvTeamseite (pobvol_shared_sharepointonline_674cc35bbaa74bdd9774c9f9a7c59ff2)": {
          "defaultValue": "https://pobvol.sharepoint.com/sites/pssService",
          "type": "String",
          "metadata": {
            "schemaName": "pobvol_shared_sharepointonline_674cc35bbaa74bdd9774c9f9a7c59ff2",
            "description": "hier eine Teamseite zuordnen"
          }
        },
        "Einstellungen (pobvol_UVVSystemSettings)": {
          "defaultValue": "a63eb858-2182-4293-9423-623e1f0752b8",
          "type": "String",
          "metadata": {
            "schemaName": "pobvol_UVVSystemSettings"
          }
        },
        "DokumenteRootFolder (pobvol_DokumenteRootFolder)": {
          "defaultValue": "/Freigegebene Dokumente",
          "type": "String",
          "metadata": {
            "schemaName": "pobvol_DokumenteRootFolder",
            "description": "/Freigegebene Dokumente"
          }
        }
      },
      "triggers": {
        "manual": {
          "type": "Request",
          "kind": "Button",
          "inputs": {
            "schema": {
              "type": "object",
              "properties": {},
              "required": []
            }
          }
        }
      },
      "actions": {
        "Create_pdf_document": {
          "type": "If",
          "expression": {
            "and": [
              {
                "not": {
                  "equals": [
                    "@variables('ServiceReportPath')",
                    "empty"
                  ]
                }
              },
              {
                "not": {
                  "equals": [
                    "@variables('TeamsChannelFolder')",
                    "empty"
                  ]
                }
              }
            ]
          },
          "actions": {
            "Convert_html-file_to_pdf-file": {
              "type": "OpenApiConnection",
              "inputs": {
                "parameters": {
                  "path": "@outputs('Create_html_file_in_OneDrive_folder')?['body/Path']",
                  "type": "PDF"
                },
                "host": {
                  "apiId": "/providers/Microsoft.PowerApps/apis/shared_onedriveforbusiness",
                  "operationId": "ConvertFileByPath",
                  "connectionName": "shared_onedriveforbusiness_1"
                }
              },
              "runAfter": {
                "Create_html_file_in_OneDrive_folder": [
                  "Succeeded"
                ]
              },
              "metadata": {
                "operationMetadataId": "07a2db4d-3108-4779-8bb8-8afd361ee81c"
              }
            },
            "Create_html_file_in_OneDrive_folder": {
              "type": "OpenApiConnection",
              "inputs": {
                "parameters": {
                  "folderPath": "/",
                  "name": "pssStudyDINA4Page.html",
                  "body": "@outputs('Compose_HTML_template')"
                },
                "host": {
                  "apiId": "/providers/Microsoft.PowerApps/apis/shared_onedriveforbusiness",
                  "operationId": "CreateFile",
                  "connectionName": "shared_onedriveforbusiness_1"
                }
              },
              "runAfter": {
                "Compose_HTML_template": [
                  "Succeeded"
                ]
              },
              "runtimeConfiguration": {
                "contentTransfer": {
                  "transferMode": "Chunked"
                }
              },
              "metadata": {
                "operationMetadataId": "c20daa88-0db3-4906-a02e-4dae96484a92"
              }
            },
            "Create_pdf-file_in_SP_folder": {
              "type": "OpenApiConnection",
              "inputs": {
                "parameters": {
                  "dataset": "@parameters('EnvTeamseite (pobvol_shared_sharepointonline_674cc35bbaa74bdd9774c9f9a7c59ff2)')",
                  "folderPath": "@{parameters('DokumenteRootFolder (pobvol_DokumenteRootFolder)')}/@{variables('TeamsChannelFolder')}/@{variables('ServiceReportPath')}/",
                  "name": "@outputs('Convert_html-file_to_pdf-file')?['headers/x-ms-file-name']",
                  "body": "@body('Convert_html-file_to_pdf-file')"
                },
                "host": {
                  "apiId": "/providers/Microsoft.PowerApps/apis/shared_sharepointonline",
                  "operationId": "CreateFile",
                  "connectionName": "shared_sharepointonline"
                }
              },
              "runAfter": {
                "Convert_html-file_to_pdf-file": [
                  "Succeeded"
                ]
              },
              "metadata": {
                "operationMetadataId": "9f0bb4f0-8b38-408b-8b69-46e7052361c8"
              }
            },
            "Delete_html-file": {
              "type": "OpenApiConnection",
              "inputs": {
                "parameters": {
                  "id": "@outputs('Create_html_file_in_OneDrive_folder')?['body/Id']"
                },
                "host": {
                  "apiId": "/providers/Microsoft.PowerApps/apis/shared_onedriveforbusiness",
                  "operationId": "DeleteFile",
                  "connectionName": "shared_onedriveforbusiness_1"
                }
              },
              "runAfter": {
                "Create_pdf-file_in_SP_folder": [
                  "Succeeded"
                ]
              },
              "metadata": {
                "operationMetadataId": "95185bf7-dfb5-47fc-89e7-a8cab55dfee5"
              }
            },
            "Compose_HTML_template": {
              "type": "Compose",
              "inputs": "@variables('HTMLTemplate')",
              "metadata": {
                "operationMetadataId": "13c3cd6b-f482-46cb-92ee-eb60fc30c775"
              }
            }
          },
          "else": {
            "actions": {}
          },
          "runAfter": {
            "Anschreiben": [
              "Succeeded"
            ]
          },
          "metadata": {
            "operationMetadataId": "a9af10bf-aa5a-42ec-aba0-1c2a1900591e"
          }
        },
        "Append_to_string_variable_HTML-Template_(head_and_style)": {
          "type": "AppendToStringVariable",
          "inputs": {
            "name": "HTMLTemplate",
            "value": "<!--Head and style--------------------------------------------------->\n<!DOCTYPE html>\n<html lang=\"de\">\n    \n<head>\n    <meta charset=\"UTF-8\">\n    <title>Geschäftsbrief</title>\n\n    <style>\n\n        .HeaderSection {\n            /* 4.0 statt 4.5, da der Drucker an allen Seiten 0,5cm frei lässt */\n            height: 4.0cm;\n            min-height: 100%;\n        }\n\n        .AddressSection {\n            height: 6.5cm;\n            min-height: 100%;\n        }\n\n        .ContentSection {\n            /* 29.7cm - header - address - footer  */\n            /* 29,7 - 1 - 4,5 - 6,5 - 1 = 29,7 - 13 = 16,7 */\n            /* 15.2 statt 15.7, da der Drucker an allen Seiten 0,5cm frei lässt */\n            height: 16.7cm; \n            min-height: 100%;\n        }\n\n        .FooterSection {\n            height: 1cm;\n            min-height: 100%;\n        }\n\n        /* -------------------------------- */\n        /* Padding Left */\n\n        .LeftSpace {\n            /* 2.0 statt 2.5, da der Drucker an allen Seiten 0,5cm frei lässt */\n            height: 1px;\n            width: 20mm;\n            min-width: 2.0cm; \n            margin-left: 0cm;\n        }\n\n        /* -------------------------------- */\n        /* Padding Right */\n\n        .RightSpace {\n            /* 1.5 statt 2.0, da der Drucker an allen Seiten 0,5cm frei lässt */\n            height: 1px;\n            width: 15mm;\n            min-width: 1.5cm;\n            margin-left: 0cm;\n        }\n\n        .RightSpace1{\n            /* 0.5 statt 1.0, da der Drucker an allen Seiten 0,5cm frei lässt */\n            height: 1px;\n            width: 5mm;\n            min-width: 0.5cm;\n            margin-left: 0cm;\n        }\n\n        /* -------------------------------- */\n\n        .Adressfeld {\n            height: 1px;\n            min-width: 10.0cm;\n            margin-left: 0cm;\n            font-weight: bold;\n        }\n\n        .InformationsblockLeft {\n            height: 1px;\n            min-width: 3cm;\n            margin-left: 0cm;\n            text-align: left;\n            white-space: nowrap;\n            font-weight: normal;\n            font-size: normal;\n            line-height: 1.5;\n            padding-top: 0px;\n            padding-left: 5px;\n            padding-right: 5px;\n            border: none;\n            border-top:darkgray 0px solid;\n            border-bottom:darkgray 0px solid;\n            border-left:darkgray 0px solid;\n            background-color:lightskyblue;\n            color:black;\n        }\n\n        .InformationsblockRight {\n            height: 1px;\n            min-width: 4.5cm;\n            margin-left: 0cm;\n            text-align: right;\n            white-space: nowrap;\n            font-weight: bold;\n            line-height: 1.5;\n            padding-top: 0px;\n            padding-left: 5px;\n            padding-right: 5px;\n            border: none;\n            border-top:darkgray 0px solid;\n            border-bottom:darkgray 0px solid;\n            border-left:darkgray 0px solid;\n            background-color:lightskyblue;\n            color:black;\n        }\n\n        /* -------------------------------- */\n\n        .Textfeld {\n            height: 1px;\n            min-width: 16.5cm; /* 21-0,5-0,5-2,0-1,5=16,5 */\n            margin-left: 0cm;\n        }\n\n        /* -------------------------------- */\n\n        .BlueLine {\n            border-top: 10px solid lightskyblue\n        }\n\n        /* -------------------------------- */\n\n        .page {\n            height: 29.7cm;\n            min-height: 100%;\n            position: relative;\n            width: 21cm;\n            margin: 0 auto;\n            padding: 0mm;\n            background: white;\n            box-shadow: 0 0 0px rgba(32, 32, 32, 0.44);\n        }\n\n        @page {\n            size: A4;\n            height: 29.7cm;\n            width: 21cm;\n            padding: 0;\n            margin-top: 0cm;\n            margin-left: 0cm;\n            margin-right: 0cm;\n            margin-bottom: 0cm;\n            background: white;\n        }\n\n        .pagebreak { \n            min-height: 1px; \n            page-break-before: always; \n        }\n\n        .pagenumber {\n            float: right;\n            text-align: right;\n        }\n\n        @media screen {\n            * {\n                font-family: verdana,sans-serif;\n            }\n        } \n\n        @media print {\n            * {\n                font-family: \"times new roman\",times,serif;\n                font-family: verdana,arial,sans-serif;\n            } \n\n        }\n\n        img.logo {\n            float: right;\n            margin-left: 0.5em;\n            width: 100px;\n        }\n        img.sign {\n            margin-left: 50px;\n            height: 100px;\n            text-align: left;\n        }\n\n        * {\n            font-size: 14px;\n            line-height: 1.3;\n        }\n\n        div {\n            break-inside: avoid;\n        }\n\n        p{ \n            padding-top: 0px;\n            margin-top: 0px;\n            padding-bottom: 0px;\n            margin-bottom: 0px;\n        }\n\n        h1{ \n            font-size: 24px;\n            font-weight: bold;\n            padding-top: 5px;\n            padding-bottom: 5px;\n            margin-top: 0px;\n            margin-bottom: 0px;\n        }\n        \n        h2{ \n            font-size: 22px;\n            font-weight: bolder;\n            padding-top: 0px;\n            padding-bottom: 10px;\n            margin-bottom: 0px;\n        }\n\n        h3{\n            font-size: 20px;\n            font-weight: bold;\n            padding-bottom: 1px;\n            margin-bottom: 1px;\n        }\n\n        h4{\n            font-size: 18px;\n            font-weight: bold;\n            padding-bottom: 1px;\n            margin-bottom: 1px;\n        }\n\n        table {\n            width: 100%;\n            padding: 0px;\n            margin: 0px;\n            border: 0px solid black;\n            border-spacing: 0px;\n            page-break-inside: auto;\n            page-break-after:auto;\n        }\n        \n        tr { \n            page-break-inside:avoid; \n            page-break-after:auto;\n        }\n\n        th,td {\n            padding: 0px;\n            margin: 0px;\n            padding-left: 2px;\n            padding-right: 5px;\n            text-align: start;\n            vertical-align:top;\n        }\n\n    </style>\n</head>\n<body>\n<!--Head and style--------------------------------------------------->\n"
          },
          "runAfter": {
            "Init_section": [
              "Succeeded"
            ]
          },
          "metadata": {
            "operationMetadataId": "d90aac50-f943-446b-af24-577f62304ec5"
          }
        },
        "Anschreiben": {
          "type": "If",
          "expression": {
            "and": [
              {
                "equals": [
                  "@variables('varPage')",
                  1
                ]
              }
            ]
          },
          "actions": {
            "Anschreiben_Header": {
              "type": "AppendToStringVariable",
              "inputs": {
                "name": "HTMLTemplate",
                "value": "    <!--Header------------------------------------------------------->\n    <table border=\"0\">\n        <tr class=\"HeaderSection\">\n            <td>\n                <!--<img class=\"logo\" src=\"logo.png\" alt=\"logo\">-->\n                @{outputs('Compose_DataUri_for_logo')}\n            </td>\n        </tr>\n    </table>\n    <!--Header------------------------------------------------------->\n"
              },
              "metadata": {
                "operationMetadataId": "ab7dcaa7-052b-48aa-beff-27e9136f713e"
              }
            },
            "Append_to_string_variable_HTML-Template_(HTML_end)": {
              "type": "AppendToStringVariable",
              "inputs": {
                "name": "HTMLTemplate",
                "value": "<!--HTML Ende--------------------------------------------------->\n</body>\n</html>        \n<!--HTML Ende--------------------------------------------------->\n"
              },
              "runAfter": {
                "Seitenvorschub": [
                  "Succeeded"
                ]
              },
              "metadata": {
                "operationMetadataId": "7f578882-7383-4caa-9e8a-7353d5250fb5"
              }
            },
            "Anschreiben_Adresse": {
              "type": "AppendToStringVariable",
              "inputs": {
                "name": "HTMLTemplate",
                "value": "    <!--Adresse------------------------------------------------------>\n    <table border=\"0\">\n        <tr class=\"AddressSection\">\n            <td class=\"LeftSpace\"></td>\n            <td class=\"Adressfeld\">\n                <br />\n                <p style=\"font-size:80%;font-weight:normal;text-align:left;\">\n                Volker Pobloth * pobvol Software Services <br />\n                Wolfskaulstr. 84 * D-66292 Riegelsberg\n                </p><br />\n                Demo1 GmbH<br />\n                Herr Demo1<br />\n                Feldweg 102<br />\n                <br />\n                D-66292 Riegelsberg<br />\n            </td>\n            <td class=\"InformationsblockLeft\">\n                <br />\n                Kundennummer<br />\n                <br />\n                Ihr Auftrag<br />\n                Bestellt am<br />\n                Bestellt von<br />\n                <br />\n                <br />\n                <br />\n                <br />\n                Datum\n            </td>\n            <td class=\"InformationsblockRight\">\n                <br />\n                KDN-4711<br />\n                <br />\n                KDAUF-1234-6-25<br />\n                2.06.2025<br />\n                Demo1<br />\n                <br />\n                <br />\n                <br />\n                <br />\n                27.06.2025\n            </td>\n            <td class=\"RightSpace1\"></td>\n        </tr>\n    </table>\n    <!--Adresse------------------------------------------------------>\n"
              },
              "runAfter": {
                "Anschreiben_Header": [
                  "Succeeded"
                ]
              },
              "metadata": {
                "operationMetadataId": "ab7dcaa7-052b-48aa-beff-27e9136f713e"
              }
            },
            "Anschreiben_Text": {
              "type": "AppendToStringVariable",
              "inputs": {
                "name": "HTMLTemplate",
                "value": "    <!--Text--------------------------------------------------------->\n    <table border=\"0\">\n        <tr class=\"ContentSection\">\n            <td class=\"LeftSpace\">&OverBar;&OverBar;</td>\n            <td class=\"Textfeld\">\n                <br />\n                <b>Betreff</b><br />\n                <br />\n                <br />\n                Anrede,<br/>\n                <br />\n                Text Text Text Text Text Text Text Text Text Text Text Text Text Text Text Text Text Text Text Text Text Text Text Text Text Text Text Text Text Text Text Text Text Text Text Text Text Text Text<br />\n                <br />\n                Grußformel<br />\n                <br />\n                <br />\n                <br />\n                Name, Titel, Position, etc.\n            </td>\n            <td class=\"RightSpace\"></td>\n        </tr>\n    </table>\n    <!--Text--------------------------------------------------------->\n"
              },
              "runAfter": {
                "Anschreiben_Adresse": [
                  "Succeeded"
                ]
              },
              "metadata": {
                "operationMetadataId": "ab7dcaa7-052b-48aa-beff-27e9136f713e"
              }
            },
            "Anschreiben_Footer": {
              "type": "AppendToStringVariable",
              "inputs": {
                "name": "HTMLTemplate",
                "value": "    <!--Footer------------------------------------------------------->\n    <table border=\"0\">\n        <tr class=\"FooterSection\">\n            <td class=\"LeftSpace\"></td>\n            <td width=\"34%\">\n                <p style=\"font-size:smaller;font-weight:normal;text-align:left;\">\n                    Volker Pobloth<br />\n                    pobvol Software Services<br />\n                    Wolfskaulstr. 84<br />\n                    D-66292 Riegelsberg<br />\n                </p>\n            </td>\n            <td width=\"33%\">\n                <p style=\"font-size:smaller;font-weight:normal;text-align:center;\">\n                    Telefon: +49 176 45989708<br />\n                    E-Mail: kontakt@pobvol.com<br />\n                    Web: www.pobvol.com<br />\n                </p>                    \n            </td>\n            <td width=\"33%\">\n                <p style=\"font-size:smaller;font-weight:normal;text-align:right;\">\n                    Bank: Wise Europe SA/NV<br />\n                    Empfänger: Volker Pobloth<br />\n                    IBAN: BE91967220191376<br />\n                    BIC: TRWIBEB1XXX<br />\n                </p>\n            </td>\n            <td class=\"RightSpace\"></td>\n        </tr>\n    </table>\n    <!--Footer------------------------------------------------------->\n"
              },
              "runAfter": {
                "Anschreiben_Text": [
                  "Succeeded"
                ]
              },
              "metadata": {
                "operationMetadataId": "ab7dcaa7-052b-48aa-beff-27e9136f713e"
              }
            },
            "Seitenvorschub": {
              "type": "AppendToStringVariable",
              "inputs": {
                "name": "HTMLTemplate",
                "value": "<!--    <p class=\"pagebreak\">&nbsp</p>     -->"
              },
              "runAfter": {
                "Anschreiben_Footer": [
                  "Succeeded"
                ]
              },
              "metadata": {
                "operationMetadataId": "ab7dcaa7-052b-48aa-beff-27e9136f713e"
              }
            }
          },
          "else": {
            "actions": {}
          },
          "runAfter": {
            "Initialize_variable_varPage_1": [
              "Succeeded"
            ]
          },
          "metadata": {
            "operationMetadataId": "691b3a40-23eb-44ef-8c09-379c949d90ec"
          }
        },
        "Initialize_variable_varPage_1": {
          "type": "InitializeVariable",
          "inputs": {
            "variables": [
              {
                "name": "varPage",
                "type": "integer",
                "value": 1
              }
            ]
          },
          "runAfter": {
            "Append_to_string_variable_HTML-Template_(head_and_style)": [
              "Succeeded"
            ]
          },
          "metadata": {
            "operationMetadataId": "383eafa1-2bd5-4963-aae8-418acfa51c4e"
          }
        },
        "Initialize_variable_varInit": {
          "type": "InitializeVariable",
          "inputs": {
            "variables": [
              {
                "name": "varInit",
                "type": "boolean",
                "value": false
              }
            ]
          },
          "runAfter": {},
          "metadata": {
            "operationMetadataId": "24d8a305-9887-415d-8f2c-41802071abaf"
          }
        },
        "Init_section": {
          "type": "If",
          "expression": {
            "and": [
              {
                "equals": [
                  "@variables('varInit')",
                  false
                ]
              }
            ]
          },
          "actions": {
            "Get_Service_Report_Path": {
              "type": "If",
              "expression": {
                "and": [
                  {
                    "equals": [
                      "@variables('ServiceReportPath')",
                      "empty"
                    ]
                  }
                ]
              },
              "actions": {
                "Get_items_Service_reports_are_saved_in_folder": {
                  "type": "OpenApiConnection",
                  "inputs": {
                    "parameters": {
                      "dataset": "@parameters('EnvTeamseite (pobvol_shared_sharepointonline_674cc35bbaa74bdd9774c9f9a7c59ff2)')",
                      "table": "@parameters('Einstellungen (pobvol_UVVSystemSettings)')",
                      "$filter": "Title eq 'Service reports are saved in folder'",
                      "$top": 1
                    },
                    "host": {
                      "apiId": "/providers/Microsoft.PowerApps/apis/shared_sharepointonline",
                      "operationId": "GetItems",
                      "connectionName": "shared_sharepointonline"
                    }
                  },
                  "metadata": {
                    "operationMetadataId": "d9cfcdf4-4fef-4a4f-87be-10fdea301f32"
                  }
                },
                "Apply_to_each_entry_found_in_Einstellungen": {
                  "type": "Foreach",
                  "foreach": "@outputs('Get_items_Service_reports_are_saved_in_folder')?['body/value']",
                  "actions": {
                    "Set_variable_ServiceReportPath": {
                      "type": "SetVariable",
                      "inputs": {
                        "name": "ServiceReportPath",
                        "value": "@items('Apply_to_each_entry_found_in_Einstellungen')?['Wert']"
                      },
                      "metadata": {
                        "operationMetadataId": "2edf5679-68db-4ec3-a795-b82d51549e70"
                      }
                    }
                  },
                  "runAfter": {
                    "Get_items_Service_reports_are_saved_in_folder": [
                      "Succeeded"
                    ]
                  },
                  "metadata": {
                    "operationMetadataId": "cfd24f24-198d-42f4-8e00-2f997a915cb5"
                  }
                }
              },
              "else": {
                "actions": {}
              },
              "metadata": {
                "operationMetadataId": "3bd500be-b47f-4ccf-800f-3ffe88358c2c"
              }
            },
            "Get_Teams_Channel_Folder": {
              "type": "If",
              "expression": {
                "and": [
                  {
                    "equals": [
                      "@variables('TeamsChannelFolder')",
                      "empty"
                    ]
                  }
                ]
              },
              "actions": {
                "Get_items_SharePoint.TeamsChannelFolder": {
                  "type": "OpenApiConnection",
                  "inputs": {
                    "parameters": {
                      "dataset": "@parameters('EnvTeamseite (pobvol_shared_sharepointonline_674cc35bbaa74bdd9774c9f9a7c59ff2)')",
                      "table": "@parameters('Einstellungen (pobvol_UVVSystemSettings)')",
                      "$filter": "Title eq 'SharePoint.TeamsChannelFolder'",
                      "$top": 1
                    },
                    "host": {
                      "apiId": "/providers/Microsoft.PowerApps/apis/shared_sharepointonline",
                      "operationId": "GetItems",
                      "connectionName": "shared_sharepointonline"
                    }
                  },
                  "metadata": {
                    "operationMetadataId": "57358f98-284c-4f44-9f58-530c438b1cb1"
                  }
                },
                "Apply_to_each_entry_found_in_Einstellungen2": {
                  "type": "Foreach",
                  "foreach": "@outputs('Get_items_SharePoint.TeamsChannelFolder')?['body/value']",
                  "actions": {
                    "Set_variable_TeamsChannelFolder": {
                      "type": "SetVariable",
                      "inputs": {
                        "name": "TeamsChannelFolder",
                        "value": "@items('Apply_to_each_entry_found_in_Einstellungen2')?['Wert']"
                      },
                      "metadata": {
                        "operationMetadataId": "858a0917-3d41-48c0-91a9-61b2033deaa7"
                      }
                    }
                  },
                  "runAfter": {
                    "Get_items_SharePoint.TeamsChannelFolder": [
                      "Succeeded"
                    ]
                  },
                  "metadata": {
                    "operationMetadataId": "be3fa833-a768-43d8-8ccb-53e464efde90"
                  }
                }
              },
              "else": {
                "actions": {}
              },
              "runAfter": {
                "Get_Service_Report_Path": [
                  "Succeeded"
                ]
              },
              "metadata": {
                "operationMetadataId": "d7848922-a8c9-49f6-a906-b1340a4148be"
              }
            },
            "Load_Logo": {
              "type": "If",
              "expression": {
                "and": [
                  {
                    "equals": [
                      "@variables('varGetLogoFailed')",
                      false
                    ]
                  }
                ]
              },
              "actions": {
                "Get_file_content_using_path_for_logo": {
                  "type": "OpenApiConnection",
                  "inputs": {
                    "parameters": {
                      "dataset": "@parameters('EnvTeamseite (pobvol_shared_sharepointonline_674cc35bbaa74bdd9774c9f9a7c59ff2)')",
                      "path": "@{replace(parameters('EnvTeamseite (pobvol_shared_sharepointonline_674cc35bbaa74bdd9774c9f9a7c59ff2)'),' ','%20')}@{replace(parameters('DokumenteRootFolder (pobvol_DokumenteRootFolder)'),' ','%20')}/@{replace(variables('TeamsChannelFolder'),' ','%20')}/@{replace(variables('ServiceReportPath'),' ','%20')}/logo.png",
                      "inferContentType": true
                    },
                    "host": {
                      "apiId": "/providers/Microsoft.PowerApps/apis/shared_sharepointonline",
                      "operationId": "GetFileContentByPath",
                      "connectionName": "shared_sharepointonline"
                    }
                  },
                  "metadata": {
                    "operationMetadataId": "d51d25fc-9033-458f-9e56-6b42b332a3fb"
                  }
                },
                "Set_variable_varGetLogoFailed": {
                  "type": "SetVariable",
                  "inputs": {
                    "name": "varGetLogoFailed",
                    "value": true
                  },
                  "runAfter": {
                    "Get_file_content_using_path_for_logo": [
                      "TimedOut",
                      "Failed",
                      "Skipped"
                    ]
                  },
                  "metadata": {
                    "operationMetadataId": "bb6f204e-2387-46cf-a978-91843790afb8"
                  }
                },
                "Condition_File_content_found_for_logo": {
                  "type": "If",
                  "expression": {
                    "and": [
                      {
                        "equals": [
                          "@variables('varGetLogoFailed')",
                          false
                        ]
                      }
                    ]
                  },
                  "actions": {
                    "Compose_DataUri_for_logo": {
                      "type": "Compose",
                      "inputs": "<img class=\"logo\" alt=\"Logo\" src='@{dataUri(body('Get_file_content_using_path_for_logo'))}' />",
                      "metadata": {
                        "operationMetadataId": "353ceaaf-4e20-4f4a-8357-e6d969db230c"
                      }
                    }
                  },
                  "else": {
                    "actions": {}
                  },
                  "runAfter": {
                    "Set_variable_varGetLogoFailed": [
                      "Succeeded",
                      "TimedOut",
                      "Skipped",
                      "Failed"
                    ]
                  },
                  "metadata": {
                    "operationMetadataId": "cd19ae7f-28e4-400e-9dba-cebdb5e757e8"
                  }
                }
              },
              "else": {
                "actions": {}
              },
              "runAfter": {
                "Get_Teams_Channel_Folder": [
                  "Succeeded"
                ]
              },
              "metadata": {
                "operationMetadataId": "9db6d560-f61b-4eb6-95da-e00bf042c66a"
              }
            }
          },
          "else": {
            "actions": {}
          },
          "runAfter": {
            "Initialize_variable_varGetLogoFailed": [
              "Succeeded"
            ]
          },
          "metadata": {
            "operationMetadataId": "dd7ec513-d683-4938-8b16-904df5db9d39"
          }
        },
        "Initialize_variable_HTMLTemplate": {
          "type": "InitializeVariable",
          "inputs": {
            "variables": [
              {
                "name": "HTMLTemplate",
                "type": "string",
                "value": "@{null}"
              }
            ]
          },
          "runAfter": {
            "Initialize_variable_varInit": [
              "Succeeded"
            ]
          },
          "metadata": {
            "operationMetadataId": "6e995fb7-0902-4b46-a644-f61ad8ce7937"
          }
        },
        "Initialize_variable_ServiceReportPath": {
          "type": "InitializeVariable",
          "inputs": {
            "variables": [
              {
                "name": "ServiceReportPath",
                "type": "string",
                "value": "empty"
              }
            ]
          },
          "runAfter": {
            "Initialize_variable_HTMLTemplate": [
              "Succeeded"
            ]
          },
          "metadata": {
            "operationMetadataId": "f608fe0e-4d9c-4ff8-bf6b-1b9a227e8576"
          }
        },
        "Initialize_variable_TeamsChannelFolder": {
          "type": "InitializeVariable",
          "inputs": {
            "variables": [
              {
                "name": "TeamsChannelFolder",
                "type": "string",
                "value": "empty"
              }
            ]
          },
          "runAfter": {
            "Initialize_variable_ServiceReportPath": [
              "Succeeded"
            ]
          },
          "metadata": {
            "operationMetadataId": "74421d30-1431-4759-b9ed-040037500ebf"
          }
        },
        "Initialize_variable_varGetLogoFailed": {
          "type": "InitializeVariable",
          "inputs": {
            "variables": [
              {
                "name": "varGetLogoFailed",
                "type": "boolean",
                "value": false
              }
            ]
          },
          "runAfter": {
            "Initialize_variable_TeamsChannelFolder": [
              "Succeeded"
            ]
          },
          "metadata": {
            "operationMetadataId": "e19d8266-e0fd-4655-91dd-b6095508cb16"
          }
        }
      }
    },
    "templateName": null
  },
  "schemaVersion": "1.0.0.0"
}