{
  "properties": {
    "connectionReferences": {
      "shared_sharepointonline_1": {
        "runtimeSource": "invoker",
        "connection": {
          "connectionReferenceLogicalName": "pobvol_sharedsharepointonline_db0bc"
        },
        "api": {
          "name": "shared_sharepointonline"
        }
      }
    },
    "definition": {
      "$schema": "https://schema.management.azure.com/providers/Microsoft.Logic/schemas/2016-06-01/workflowdefinition.json#",
      "contentVersion": "1.0.0.0",
      "parameters": {
        "$connections": {
          "defaultValue": {},
          "type": "Object"
        },
        "$authentication": {
          "defaultValue": {},
          "type": "SecureObject"
        },
        "EnvTeamseite (pobvol_shared_sharepointonline_674cc35bbaa74bdd9774c9f9a7c59ff2)": {
          "defaultValue": "https://pobvol.sharepoint.com/sites/Service",
          "type": "String",
          "metadata": {
            "schemaName": "pobvol_shared_sharepointonline_674cc35bbaa74bdd9774c9f9a7c59ff2",
            "description": "hier eine Teamseite zuordnen"
          }
        },
        "Dokumente (pobvol_shared_sharepointonline_f7b59932fe464c11bb810a7e6aa5810b)": {
          "defaultValue": "17a71c03-ad3d-4569-8c84-c4d5e1addc12",
          "type": "String",
          "metadata": {
            "schemaName": "pobvol_shared_sharepointonline_f7b59932fe464c11bb810a7e6aa5810b",
            "description": "Zeiger für die SharePoint-Bibliothek Dokumente"
          }
        }
      },
      "triggers": {
        "manual": {
          "metadata": {
            "operationMetadataId": "42d5c5a1-79c1-4617-836a-36e9dbb064e4"
          },
          "type": "Request",
          "kind": "PowerAppV2",
          "inputs": {
            "schema": {
              "type": "object",
              "properties": {
                "text": {
                  "title": "DocIdentifier",
                  "type": "string",
                  "x-ms-dynamically-added": true,
                  "description": "Please enter your input",
                  "x-ms-content-hint": "TEXT"
                },
                "text_1": {
                  "title": "DocFolder",
                  "type": "string",
                  "x-ms-dynamically-added": true,
                  "description": "Please enter your input",
                  "x-ms-content-hint": "TEXT"
                },
                "text_2": {
                  "title": "DocName",
                  "type": "string",
                  "x-ms-dynamically-added": true,
                  "description": "Please enter your input",
                  "x-ms-content-hint": "TEXT"
                }
              },
              "required": [
                "text",
                "text_1",
                "text_2"
              ]
            }
          }
        }
      },
      "actions": {
        "Get_files_(properties_only)": {
          "runAfter": {
            "initialize_variable_strFileFound": [
              "Succeeded"
            ]
          },
          "metadata": {
            "operationMetadataId": "5d6a10a1-38cb-4c6b-a882-43c7086fc9a1"
          },
          "type": "OpenApiConnection",
          "inputs": {
            "host": {
              "connectionName": "shared_sharepointonline_1",
              "operationId": "GetFileItems",
              "apiId": "/providers/Microsoft.PowerApps/apis/shared_sharepointonline"
            },
            "parameters": {
              "dataset": "@parameters('EnvTeamseite (pobvol_shared_sharepointonline_674cc35bbaa74bdd9774c9f9a7c59ff2)')",
              "table": "@parameters('Dokumente (pobvol_shared_sharepointonline_f7b59932fe464c11bb810a7e6aa5810b)')",
              "folderPath": "@variables('strFolder')",
              "viewScopeOption": "Default",
              "$filter": "substringof('@{triggerBody()['text_2']}',FileLeafRef)"
            },
            "authentication": "@parameters('$authentication')"
          }
        },
        "Apply_to_each": {
          "foreach": "@outputs('Get_files_(properties_only)')?['body/value']",
          "actions": {
            "Condition_file_found": {
              "actions": {
                "Set_variable_strFileFound_to_Yes": {
                  "runAfter": {},
                  "metadata": {
                    "operationMetadataId": "51e013c4-40de-4a0f-b488-e305535a283a"
                  },
                  "type": "SetVariable",
                  "inputs": {
                    "name": "strFileFound",
                    "value": "Yes"
                  }
                }
              },
              "runAfter": {
                "Compose_2": [
                  "Succeeded"
                ]
              },
              "expression": {
                "equals": [
                  "@outputs('Compose_2')",
                  "@triggerBody()['text_2']"
                ]
              },
              "metadata": {
                "operationMetadataId": "b9738547-e532-4043-800f-af4570c65edf"
              },
              "type": "If"
            },
            "Compose_2": {
              "runAfter": {},
              "metadata": {
                "operationMetadataId": "1bcea3b6-9537-47ce-8ca8-5515fe04dfe5"
              },
              "type": "Compose",
              "inputs": "@items('Apply_to_each')?['{FilenameWithExtension}']"
            }
          },
          "runAfter": {
            "Get_files_(properties_only)": [
              "Succeeded"
            ]
          },
          "metadata": {
            "operationMetadataId": "deef941e-a88f-401f-ac6e-15fe81030b8e"
          },
          "type": "Foreach",
          "runtimeConfiguration": {
            "concurrency": {
              "repetitions": 20
            }
          }
        },
        "Initialize_variable_strFolder1": {
          "runAfter": {},
          "metadata": {
            "operationMetadataId": "f36241ea-3977-47fb-8c05-3a502b6e4c36"
          },
          "type": "InitializeVariable",
          "inputs": {
            "variables": [
              {
                "name": "strFolder1",
                "type": "string",
                "value": "@{replace(triggerBody()['text_1'],'%2b',' ')}"
              }
            ]
          }
        },
        "Initialize_variable_strFolder": {
          "runAfter": {
            "Initialize_variable_strFolder1": [
              "Succeeded"
            ]
          },
          "metadata": {
            "operationMetadataId": "37f6b4fa-c625-43c8-9917-884756b3b596"
          },
          "type": "InitializeVariable",
          "inputs": {
            "variables": [
              {
                "name": "strFolder",
                "type": "string",
                "value": "@{replace(variables('strFolder1'),'%252f', '/')}"
              }
            ]
          }
        },
        "initialize_variable_strFileFound": {
          "runAfter": {
            "Initialize_variable_strFolder": [
              "Succeeded"
            ]
          },
          "metadata": {
            "operationMetadataId": "4fdaa7a8-8419-4f97-9675-f24f5cd18706"
          },
          "type": "InitializeVariable",
          "inputs": {
            "variables": [
              {
                "name": "strFileFound",
                "type": "string",
                "value": "@{null}"
              }
            ]
          }
        },
        "Condition_strFileFound_is_Yes": {
          "actions": {
            "Respond_to_a_PowerApp_or_flow_-_send_file_content": {
              "runAfter": {
                "Compose": [
                  "Succeeded"
                ]
              },
              "metadata": {
                "operationMetadataId": "9dbaa098-b5b3-4d32-bc54-f6660d24c1d9"
              },
              "type": "Response",
              "kind": "PowerApp",
              "inputs": {
                "statusCode": 200,
                "body": {
                  "result": "@{outputs('Compose')}"
                },
                "schema": {
                  "type": "object",
                  "properties": {
                    "result": {
                      "title": "Result",
                      "x-ms-dynamically-added": true,
                      "type": "string"
                    }
                  }
                }
              }
            },
            "Get_file_content_using_path": {
              "runAfter": {},
              "metadata": {
                "operationMetadataId": "cfd42650-b76a-4d72-a522-974ab4b8cfc4"
              },
              "type": "OpenApiConnection",
              "inputs": {
                "host": {
                  "connectionName": "shared_sharepointonline_1",
                  "operationId": "GetFileContentByPath",
                  "apiId": "/providers/Microsoft.PowerApps/apis/shared_sharepointonline"
                },
                "parameters": {
                  "dataset": "@parameters('EnvTeamseite (pobvol_shared_sharepointonline_674cc35bbaa74bdd9774c9f9a7c59ff2)')",
                  "path": "@triggerBody()['text']",
                  "inferContentType": true
                },
                "authentication": "@parameters('$authentication')"
              }
            },
            "Compose": {
              "runAfter": {
                "Get_file_content_using_path": [
                  "Succeeded"
                ]
              },
              "metadata": {
                "operationMetadataId": "8fa0ca79-898f-4e8e-9b6e-c3c749178159"
              },
              "type": "Compose",
              "inputs": "@datauri(base64ToBinary(body('Get_file_content_using_path')?['$content']))"
            }
          },
          "runAfter": {
            "Apply_to_each": [
              "Succeeded"
            ]
          },
          "else": {
            "actions": {
              "Respond_to_a_PowerApp_or_flow_-_send_error": {
                "runAfter": {},
                "metadata": {
                  "operationMetadataId": "529080c6-d2ed-4469-bb67-35d0e956cb66"
                },
                "type": "Response",
                "kind": "PowerApp",
                "inputs": {
                  "statusCode": 200,
                  "body": {
                    "result": "Error! File not found!"
                  },
                  "schema": {
                    "type": "object",
                    "properties": {
                      "result": {
                        "title": "Result",
                        "x-ms-dynamically-added": true,
                        "type": "string"
                      }
                    }
                  }
                }
              }
            }
          },
          "expression": {
            "equals": [
              "@variables('strFileFound')",
              "Yes"
            ]
          },
          "metadata": {
            "operationMetadataId": "7f51c907-83c3-45d7-9023-3dfd22a6d7fe"
          },
          "type": "If"
        }
      },
      "outputs": {}
    },
    "templateName": ""
  },
  "schemaVersion": "1.0.0.0"
}