{
  "properties": {
    "connectionReferences": {},
    "definition": {
      "$schema": "https://schema.management.azure.com/providers/Microsoft.Logic/schemas/2016-06-01/workflowdefinition.json#",
      "contentVersion": "1.0.0.0",
      "parameters": {
        "$authentication": {
          "defaultValue": {},
          "type": "SecureObject"
        },
        "$connections": {
          "defaultValue": {},
          "type": "Object"
        },
        "DokumenteRootFolder (pobvol_DokumenteRootFolder)": {
          "defaultValue": "/Freigegebene Dokumente",
          "type": "String",
          "metadata": {
            "schemaName": "pobvol_DokumenteRootFolder",
            "description": "/Freigegebene Dokumente"
          }
        }
      },
      "triggers": {
        "manual": {
          "metadata": {
            "operationMetadataId": "42d5c5a1-79c1-4617-836a-36e9dbb064e4"
          },
          "type": "Request",
          "kind": "PowerAppV2",
          "inputs": {
            "schema": {
              "type": "object",
              "properties": {},
              "required": []
            }
          }
        }
      },
      "actions": {
        "Respond": {
          "runAfter": {},
          "metadata": {
            "operationMetadataId": "0475883e-4011-41be-b389-5510c54ca90a"
          },
          "type": "Response",
          "kind": "PowerApp",
          "inputs": {
            "schema": {
              "type": "object",
              "properties": {
                "response": {
                  "title": "Response",
                  "x-ms-dynamically-added": true,
                  "type": "string"
                }
              },
              "additionalProperties": {}
            },
            "statusCode": 200,
            "body": {
              "response": "@parameters('DokumenteRootFolder (pobvol_DokumenteRootFolder)')"
            }
          }
        }
      },
      "outputs": {}
    },
    "templateName": null
  },
  "schemaVersion": "1.0.0.0"
}