{
  "properties": {
    "connectionReferences": {
      "shared_sharepointonline_1": {
        "runtimeSource": "invoker",
        "connection": {
          "connectionReferenceLogicalName": "pobvol_sharedsharepointonline_db0bc"
        },
        "api": {
          "name": "shared_sharepointonline"
        }
      }
    },
    "definition": {
      "$schema": "https://schema.management.azure.com/providers/Microsoft.Logic/schemas/2016-06-01/workflowdefinition.json#",
      "contentVersion": "1.0.0.0",
      "parameters": {
        "$connections": {
          "defaultValue": {},
          "type": "Object"
        },
        "$authentication": {
          "defaultValue": {},
          "type": "SecureObject"
        },
        "EnvTeamseite (pobvol_shared_sharepointonline_674cc35bbaa74bdd9774c9f9a7c59ff2)": {
          "defaultValue": "https://pobvol.sharepoint.com/sites/pssService",
          "type": "String",
          "metadata": {
            "schemaName": "pobvol_shared_sharepointonline_674cc35bbaa74bdd9774c9f9a7c59ff2",
            "description": "hier eine Teamseite zuordnen"
          }
        },
        "Dokumente (pobvol_shared_sharepointonline_f7b59932fe464c11bb810a7e6aa5810b)": {
          "defaultValue": "ea8c1b54-eeda-47db-b421-f5c91c740d90",
          "type": "String",
          "metadata": {
            "schemaName": "pobvol_shared_sharepointonline_f7b59932fe464c11bb810a7e6aa5810b",
            "description": "Zeiger für die SharePoint-Bibliothek Dokumente"
          }
        }
      },
      "triggers": {
        "manual": {
          "metadata": {
            "operationMetadataId": "42d5c5a1-79c1-4617-836a-36e9dbb064e4"
          },
          "type": "Request",
          "kind": "PowerAppV2",
          "inputs": {
            "schema": {
              "type": "object",
              "properties": {
                "text": {
                  "title": "DocName",
                  "type": "string",
                  "x-ms-dynamically-added": true,
                  "description": "Please enter your input",
                  "x-ms-content-hint": "TEXT"
                },
                "text_1": {
                  "title": "ContractFolder",
                  "type": "string",
                  "x-ms-dynamically-added": true,
                  "description": "Please enter your input",
                  "x-ms-content-hint": "TEXT"
                }
              },
              "required": [
                "text",
                "text_1"
              ]
            }
          }
        }
      },
      "actions": {
        "Get_files_(properties_only)": {
          "runAfter": {
            "Initialize_variable_intID": [
              "Succeeded"
            ]
          },
          "metadata": {
            "operationMetadataId": "5d6a10a1-38cb-4c6b-a882-43c7086fc9a1"
          },
          "type": "OpenApiConnection",
          "inputs": {
            "host": {
              "connectionName": "shared_sharepointonline_1",
              "operationId": "GetFileItems",
              "apiId": "/providers/Microsoft.PowerApps/apis/shared_sharepointonline"
            },
            "parameters": {
              "dataset": "@parameters('EnvTeamseite (pobvol_shared_sharepointonline_674cc35bbaa74bdd9774c9f9a7c59ff2)')",
              "table": "@parameters('Dokumente (pobvol_shared_sharepointonline_f7b59932fe464c11bb810a7e6aa5810b)')",
              "folderPath": "@triggerBody()['text_1']",
              "viewScopeOption": "RecursiveAll",
              "$filter": "FileLeafRef eq '@{triggerBody()['text']}'"
            },
            "authentication": "@parameters('$authentication')"
          }
        },
        "Apply_to_each": {
          "foreach": "@outputs('Get_files_(properties_only)')?['body/value']",
          "actions": {
            "Condition_file_found": {
              "actions": {
                "Set_variable": {
                  "runAfter": {},
                  "metadata": {
                    "operationMetadataId": "e6846bc2-3d5d-4fd6-a658-940fe8008dfd"
                  },
                  "type": "SetVariable",
                  "inputs": {
                    "name": "intID",
                    "value": "@items('Apply_to_each')?['ID']"
                  }
                }
              },
              "runAfter": {},
              "expression": {
                "and": [
                  {
                    "equals": [
                      "@items('Apply_to_each')?['{FilenameWithExtension}']",
                      "@triggerBody()['text']"
                    ]
                  }
                ]
              },
              "metadata": {
                "operationMetadataId": "b9738547-e532-4043-800f-af4570c65edf"
              },
              "type": "If"
            }
          },
          "runAfter": {
            "Get_files_(properties_only)": [
              "Succeeded"
            ]
          },
          "metadata": {
            "operationMetadataId": "deef941e-a88f-401f-ac6e-15fe81030b8e"
          },
          "type": "Foreach",
          "runtimeConfiguration": {
            "concurrency": {
              "repetitions": 20
            }
          }
        },
        "Initialize_variable_intID": {
          "runAfter": {},
          "metadata": {
            "operationMetadataId": "f36241ea-3977-47fb-8c05-3a502b6e4c36"
          },
          "type": "InitializeVariable",
          "inputs": {
            "variables": [
              {
                "name": "intID",
                "type": "integer",
                "value": "@0"
              }
            ]
          }
        },
        "Condition": {
          "actions": {
            "Respond_to_a_Power_App_or_flow": {
              "runAfter": {},
              "metadata": {
                "operationMetadataId": "d95d0e2a-d473-488f-ba38-8438ecf99527"
              },
              "type": "Response",
              "kind": "PowerApp",
              "inputs": {
                "statusCode": 200,
                "body": {
                  "result": "@{variables('intID')}"
                },
                "schema": {
                  "type": "object",
                  "properties": {
                    "result": {
                      "title": "Result",
                      "x-ms-dynamically-added": true,
                      "type": "string"
                    }
                  }
                }
              }
            }
          },
          "runAfter": {
            "Apply_to_each": [
              "Succeeded"
            ]
          },
          "else": {
            "actions": {
              "Respond_to_a_PowerApp_or_flow_-_send_error": {
                "runAfter": {},
                "metadata": {
                  "operationMetadataId": "529080c6-d2ed-4469-bb67-35d0e956cb66"
                },
                "type": "Response",
                "kind": "PowerApp",
                "inputs": {
                  "statusCode": 200,
                  "body": {
                    "result": "0"
                  },
                  "schema": {
                    "type": "object",
                    "properties": {
                      "result": {
                        "title": "Result",
                        "x-ms-dynamically-added": true,
                        "type": "string"
                      }
                    }
                  }
                }
              }
            }
          },
          "expression": {
            "greater": [
              "@variables('intID')",
              0
            ]
          },
          "metadata": {
            "operationMetadataId": "53af1a5c-8883-41e2-b7be-a1331ae803ac"
          },
          "type": "If"
        },
        "Respond_to_a_Power_App_or_flow_2": {
          "runAfter": {
            "Set_variable_2": [
              "Succeeded"
            ]
          },
          "metadata": {
            "operationMetadataId": "c4babc4e-baae-42c7-8e8e-15cd1ab6a628"
          },
          "type": "Response",
          "kind": "PowerApp",
          "inputs": {
            "statusCode": 200,
            "body": {
              "result": "0"
            },
            "schema": {
              "type": "object",
              "properties": {
                "result": {
                  "title": "Result",
                  "x-ms-dynamically-added": true,
                  "type": "string"
                }
              }
            }
          }
        },
        "Set_variable_2": {
          "runAfter": {
            "Get_files_(properties_only)": [
              "Failed",
              "Skipped",
              "TimedOut"
            ]
          },
          "metadata": {
            "operationMetadataId": "1e596ef1-b48b-4010-bb4e-abe8b51e1ae9"
          },
          "type": "SetVariable",
          "inputs": {
            "name": "intID",
            "value": 0
          }
        }
      },
      "outputs": {}
    },
    "templateName": ""
  },
  "schemaVersion": "1.0.0.0"
}