{
  "properties": {
    "connectionReferences": {
      "shared_sharepointonline-1": {
        "api": {
          "name": "shared_sharepointonline"
        },
        "connection": {
          "connectionReferenceLogicalName": "pobvol_sharedsharepointonline_db0bc"
        },
        "runtimeSource": "embedded"
      },
      "shared_sharepointonline": {
        "api": {
          "name": "shared_sharepointonline"
        },
        "connection": {
          "connectionReferenceLogicalName": "pobvol_sharedsharepointonline_03a21"
        },
        "runtimeSource": "embedded"
      }
    },
    "definition": {
      "$schema": "https://schema.management.azure.com/providers/Microsoft.Logic/schemas/2016-06-01/workflowdefinition.json#",
      "contentVersion": "1.0.0.0",
      "parameters": {
        "$authentication": {
          "defaultValue": {},
          "type": "SecureObject"
        },
        "$connections": {
          "defaultValue": {},
          "type": "Object"
        },
        "EnvTeamseite (pobvol_shared_sharepointonline_674cc35bbaa74bdd9774c9f9a7c59ff2)": {
          "defaultValue": "https://pobvol.sharepoint.com/sites/pssService",
          "type": "String",
          "metadata": {
            "schemaName": "pobvol_shared_sharepointonline_674cc35bbaa74bdd9774c9f9a7c59ff2",
            "description": "hier eine Teamseite zuordnen"
          }
        },
        "Serviceberichte (pobvol_shared_sharepointonline_adf13cd6c2034fb49022f1994a804140)": {
          "defaultValue": "80ec4c29-4791-4240-88c8-d7c1981bc203",
          "type": "String",
          "metadata": {
            "schemaName": "pobvol_shared_sharepointonline_adf13cd6c2034fb49022f1994a804140"
          }
        },
        "Servicevorgaenge (pobvol_shared_sharepointonline_fbaeddd2ed124d13a8aa0b54818e452b)": {
          "defaultValue": "5eec20f3-c8a6-4aae-9db8-1cedaff60eed",
          "type": "String",
          "metadata": {
            "schemaName": "pobvol_shared_sharepointonline_fbaeddd2ed124d13a8aa0b54818e452b"
          }
        }
      },
      "triggers": {
        "When_an_item_is_created_or_modified": {
          "type": "OpenApiConnection",
          "inputs": {
            "parameters": {
              "dataset": "@parameters('EnvTeamseite (pobvol_shared_sharepointonline_674cc35bbaa74bdd9774c9f9a7c59ff2)')",
              "table": "@parameters('Servicevorgaenge (pobvol_shared_sharepointonline_fbaeddd2ed124d13a8aa0b54818e452b)')"
            },
            "host": {
              "apiId": "/providers/Microsoft.PowerApps/apis/shared_sharepointonline",
              "operationId": "GetOnUpdatedItems",
              "connectionName": "shared_sharepointonline-1"
            }
          },
          "recurrence": {
            "frequency": "Minute",
            "interval": 1
          },
          "conditions": [
            {
              "expression": "@equals(triggerOutputs()?['body/DocumentStatus'],'Closed')"
            },
            {
              "expression": "@equals(triggerOutputs()?['body/field_12'],true)"
            },
            {
              "expression": "@equals(triggerOutputs()?['body/Genehmigt'],true)"
            },
            {
              "expression": "@equals(triggerOutputs()?['body/BerichtGesendet'],true)"
            }
          ],
          "splitOn": "@triggerOutputs()?['body/value']"
        }
      },
      "actions": {
        "Bericht_lesen": {
          "type": "OpenApiConnection",
          "inputs": {
            "parameters": {
              "dataset": "@parameters('EnvTeamseite (pobvol_shared_sharepointonline_674cc35bbaa74bdd9774c9f9a7c59ff2)')",
              "table": "@parameters('Serviceberichte (pobvol_shared_sharepointonline_adf13cd6c2034fb49022f1994a804140)')",
              "$filter": "KEY eq '@{triggerBody()?['KEY']}'",
              "$top": 1
            },
            "host": {
              "apiId": "/providers/Microsoft.PowerApps/apis/shared_sharepointonline",
              "operationId": "GetItems",
              "connectionName": "shared_sharepointonline"
            }
          },
          "runAfter": {},
          "metadata": {
            "operationMetadataId": "66de3dbe-04f0-40e2-8ca6-80ac5d068d10"
          }
        },
        "For_each": {
          "type": "Foreach",
          "foreach": "@outputs('Bericht_lesen')?['body/value']",
          "actions": {
            "Update_item": {
              "type": "OpenApiConnection",
              "inputs": {
                "parameters": {
                  "dataset": "@parameters('EnvTeamseite (pobvol_shared_sharepointonline_674cc35bbaa74bdd9774c9f9a7c59ff2)')",
                  "table": "@parameters('Serviceberichte (pobvol_shared_sharepointonline_adf13cd6c2034fb49022f1994a804140)')",
                  "id": "@item()?['ID']",
                  "item/Title": "@item()?['Title']",
                  "item/EDV_x002d_Flag": "Bericht gesendet",
                  "item/Gesendet": true
                },
                "host": {
                  "apiId": "/providers/Microsoft.PowerApps/apis/shared_sharepointonline",
                  "operationId": "PatchItem",
                  "connectionName": "shared_sharepointonline"
                }
              }
            }
          },
          "runAfter": {
            "Bericht_lesen": [
              "Succeeded"
            ]
          },
          "metadata": {
            "operationMetadataId": "1ab16d79-9dfd-46be-b8f7-b7069c75bd88"
          }
        }
      }
    },
    "templateName": null
  },
  "schemaVersion": "1.0.0.0"
}