{
  "properties": {
    "connectionReferences": {
      "shared_sharepointonline_1": {
        "api": {
          "name": "shared_sharepointonline"
        },
        "connection": {
          "connectionReferenceLogicalName": "pobvol_sharedsharepointonline_03a21"
        },
        "runtimeSource": "embedded"
      }
    },
    "definition": {
      "$schema": "https://schema.management.azure.com/providers/Microsoft.Logic/schemas/2016-06-01/workflowdefinition.json#",
      "contentVersion": "1.0.0.0",
      "parameters": {
        "$authentication": {
          "defaultValue": {},
          "type": "SecureObject"
        },
        "$connections": {
          "defaultValue": {},
          "type": "Object"
        },
        "EnvTeamseite (pobvol_shared_sharepointonline_674cc35bbaa74bdd9774c9f9a7c59ff2)": {
          "defaultValue": "https://pobvol.sharepoint.com/sites/pssService",
          "type": "String",
          "metadata": {
            "schemaName": "pobvol_shared_sharepointonline_674cc35bbaa74bdd9774c9f9a7c59ff2",
            "description": "hier eine Teamseite zuordnen"
          }
        },
        "ArchivServiceauftraege (pobvol_UVVTeamKalenderArchiv)": {
          "defaultValue": "15a8e3c3-ad73-4779-ba0f-261ec2f30087",
          "type": "String",
          "metadata": {
            "schemaName": "pobvol_UVVTeamKalenderArchiv"
          }
        },
        "Serviceauftraege (pobvol_UVVTeamKalender)": {
          "defaultValue": "d511525f-eeae-482b-8a71-e4f0754eb4d0",
          "type": "String",
          "metadata": {
            "schemaName": "pobvol_UVVTeamKalender",
            "description": "Zeiger auf die SharePoint-Liste UVVTeamKalender"
          }
        }
      },
      "triggers": {
        "Runs_every_7_days_at_8_am": {
          "type": "Recurrence",
          "recurrence": {
            "frequency": "Day",
            "interval": 7,
            "timeZone": "W. Europe Standard Time",
            "startTime": "2022-09-24T08:00:00Z",
            "schedule": {
              "hours": [
                "8"
              ],
              "minutes": [
                0
              ]
            }
          },
          "metadata": {
            "operationMetadataId": "29ec563c-61d3-427e-bb64-0254ba9b1165"
          }
        }
      },
      "actions": {
        "Get_items_from_Serviceauftraege_-_PruefberichtGenehmigt_not_Null": {
          "type": "OpenApiConnection",
          "inputs": {
            "parameters": {
              "dataset": "@parameters('EnvTeamseite (pobvol_shared_sharepointonline_674cc35bbaa74bdd9774c9f9a7c59ff2)')",
              "table": "@parameters('Serviceauftraege (pobvol_UVVTeamKalender)')",
              "$filter": "PruefberichtGenehmigt gt ' '"
            },
            "host": {
              "apiId": "/providers/Microsoft.PowerApps/apis/shared_sharepointonline",
              "operationId": "GetItems",
              "connectionName": "shared_sharepointonline_1"
            }
          },
          "runAfter": {},
          "metadata": {
            "operationMetadataId": "39fa47a4-9ca7-4de9-a6be-64f0fb995d29"
          }
        },
        "Apply_to_each": {
          "type": "Foreach",
          "foreach": "@outputs('Get_items_from_Serviceauftraege_-_PruefberichtGenehmigt_not_Null')?['body/value']",
          "actions": {
            "Condition_PruefberichtGenehmigt_not_Null": {
              "type": "If",
              "expression": {
                "not": {
                  "equals": [
                    "@items('Apply_to_each')?['PruefberichtGenehmigt']",
                    "@null"
                  ]
                }
              },
              "actions": {
                "Create_item_in_ArchivServiceauftraege": {
                  "type": "OpenApiConnection",
                  "inputs": {
                    "parameters": {
                      "dataset": "@parameters('EnvTeamseite (pobvol_shared_sharepointonline_674cc35bbaa74bdd9774c9f9a7c59ff2)')",
                      "table": "@parameters('ArchivServiceauftraege (pobvol_UVVTeamKalenderArchiv)')",
                      "item/Title": "@items('Apply_to_each')?['Title']",
                      "item/Ort": "@items('Apply_to_each')?['Ort']",
                      "item/Anfangszeit": "@items('Apply_to_each')?['Anfangszeit']",
                      "item/Endzeit": "@items('Apply_to_each')?['Endzeit']",
                      "item/Serviceart": "@items('Apply_to_each')?['Serviceart']",
                      "item/SourceID": "@items('Apply_to_each')?['ID']",
                      "item/Beschreibung": "@items('Apply_to_each')?['Beschreibung']",
                      "item/INVNR": "@items('Apply_to_each')?['INVNR']",
                      "item/SharedCalendarId": "@items('Apply_to_each')?['SharedCalendarId']",
                      "item/PrueferName": "@items('Apply_to_each')?['PrueferName']",
                      "item/HISTORIEDE": "@items('Apply_to_each')?['HISTORIEDE']",
                      "item/HISTORIEEN": "@items('Apply_to_each')?['HISTORIEEN']",
                      "item/KDNR": "@items('Apply_to_each')?['KDNR']",
                      "item/Reminder": "@items('Apply_to_each')?['Reminder']",
                      "item/GPSLocation": "@items('Apply_to_each')?['GPSLocation']",
                      "item/FlagGroup": "@items('Apply_to_each')?['FlagGroup']",
                      "item/GeraetetypCode": "@items('Apply_to_each')?['GeraetetypCode']",
                      "item/AbweichendeLieferanschrift": "@items('Apply_to_each')?['AbweichendeLieferanschrift']",
                      "item/KDAUFNR": "@items('Apply_to_each')?['KDAUFNR']",
                      "item/KDAUFDATUM": "@items('Apply_to_each')?['KDAUFDATUM']",
                      "item/KDAUFKONTAKT": "@items('Apply_to_each')?['KDAUFKONTAKT']",
                      "item/PruefdatenGefunden": "@items('Apply_to_each')?['PruefdatenGefunden']",
                      "item/Pruefungshistorie": "@items('Apply_to_each')?['Pruefungshistorie']",
                      "item/PruefberichtGefunden": "@items('Apply_to_each')?['PruefberichtGefunden']",
                      "item/PruefberichtGenehmigt": "@items('Apply_to_each')?['PruefberichtGenehmigt']",
                      "item/KEY": "@items('Apply_to_each')?['KEY']",
                      "item/SammelINVNR": "@items('Apply_to_each')?['SammelINVNR']"
                    },
                    "host": {
                      "apiId": "/providers/Microsoft.PowerApps/apis/shared_sharepointonline",
                      "operationId": "PostItem",
                      "connectionName": "shared_sharepointonline_1"
                    }
                  },
                  "metadata": {
                    "operationMetadataId": "43538e33-2eab-4a26-ae1f-7e98434a0735"
                  }
                },
                "Delete_item_in_Serviceauftraege": {
                  "type": "OpenApiConnection",
                  "inputs": {
                    "parameters": {
                      "dataset": "@parameters('EnvTeamseite (pobvol_shared_sharepointonline_674cc35bbaa74bdd9774c9f9a7c59ff2)')",
                      "table": "@parameters('Serviceauftraege (pobvol_UVVTeamKalender)')",
                      "id": "@items('Apply_to_each')?['ID']"
                    },
                    "host": {
                      "apiId": "/providers/Microsoft.PowerApps/apis/shared_sharepointonline",
                      "operationId": "DeleteItem",
                      "connectionName": "shared_sharepointonline_1"
                    }
                  },
                  "runAfter": {
                    "Create_item_in_ArchivServiceauftraege": [
                      "Succeeded"
                    ]
                  },
                  "metadata": {
                    "operationMetadataId": "6ecbe34f-d4cc-42f0-9a6f-0ffc09aa2b61"
                  }
                }
              },
              "else": {
                "actions": {}
              },
              "metadata": {
                "operationMetadataId": "5c1339f5-38aa-4923-b5c9-30bff6728ad0"
              }
            }
          },
          "runAfter": {
            "Get_items_from_Serviceauftraege_-_PruefberichtGenehmigt_not_Null": [
              "Succeeded"
            ]
          },
          "metadata": {
            "operationMetadataId": "75ea7e1c-634e-442f-8e3c-6bb313483134"
          }
        }
      }
    },
    "templateName": null
  },
  "schemaVersion": "1.0.0.0"
}