{
  "properties": {
    "connectionReferences": {
      "shared_sharepointonline": {
        "api": {
          "name": "shared_sharepointonline"
        },
        "connection": {
          "connectionReferenceLogicalName": "pobvol_sharedsharepointonline_db0bc"
        },
        "runtimeSource": "invoker"
      }
    },
    "definition": {
      "$schema": "https://schema.management.azure.com/providers/Microsoft.Logic/schemas/2016-06-01/workflowdefinition.json#",
      "contentVersion": "undefined",
      "parameters": {
        "$authentication": {
          "defaultValue": {},
          "type": "SecureObject"
        },
        "$connections": {
          "defaultValue": {},
          "type": "Object"
        },
        "EnvTeamseite (pobvol_shared_sharepointonline_674cc35bbaa74bdd9774c9f9a7c59ff2)": {
          "defaultValue": "https://pobvol.sharepoint.com/sites/pssService",
          "type": "String",
          "metadata": {
            "schemaName": "pobvol_shared_sharepointonline_674cc35bbaa74bdd9774c9f9a7c59ff2",
            "description": "hier eine Teamseite zuordnen"
          }
        },
        "BevorzugteSprachen (pobvol_BevorzugteSprachen)": {
          "defaultValue": "2968d988-5912-4f7e-bb74-e9143ba5108b",
          "type": "String",
          "metadata": {
            "schemaName": "pobvol_BevorzugteSprachen"
          }
        },
        "Artikel (pobvol_Artikel)": {
          "defaultValue": "d9e20c3c-f9c1-4a87-b3bb-9be239397a07",
          "type": "String",
          "metadata": {
            "schemaName": "pobvol_Artikel"
          }
        }
      },
      "triggers": {
        "manual": {
          "type": "Request",
          "kind": "PowerAppV2",
          "inputs": {
            "schema": {
              "type": "object",
              "properties": {
                "text": {
                  "description": "Please enter your input",
                  "title": "lang",
                  "type": "string",
                  "x-ms-content-hint": "TEXT",
                  "x-ms-dynamically-added": true
                },
                "text_1": {
                  "description": "Please enter your input",
                  "title": "list",
                  "type": "string",
                  "x-ms-content-hint": "TEXT",
                  "x-ms-dynamically-added": true
                }
              },
              "required": [
                "text",
                "text_1"
              ]
            }
          },
          "metadata": {
            "operationMetadataId": "b0ed6b77-c07d-4de5-ad4d-3d65d1df80a0"
          }
        }
      },
      "actions": {
        "Respond_to_a_Power_App_or_flow": {
          "type": "Response",
          "kind": "PowerApp",
          "inputs": {
            "schema": {
              "type": "object",
              "properties": {
                "result": {
                  "title": "Result",
                  "x-ms-dynamically-added": true,
                  "type": "string"
                }
              },
              "additionalProperties": {}
            },
            "statusCode": 200,
            "body": {
              "result": "@{variables('varListItems')}"
            }
          },
          "runAfter": {
            "Condition_list_is_articles": [
              "Succeeded",
              "Failed",
              "Skipped",
              "TimedOut"
            ]
          },
          "metadata": {
            "operationMetadataId": "264f5ac9-56a7-4ff9-acf8-6a13165777f1"
          }
        },
        "Initialize_variable_varListItems": {
          "type": "InitializeVariable",
          "inputs": {
            "variables": [
              {
                "name": "varListItems",
                "type": "array"
              }
            ]
          },
          "runAfter": {},
          "metadata": {
            "operationMetadataId": "c2467a5e-1d3d-453e-b365-26919dfe2a4d"
          }
        },
        "Condition_list_is_null_or_language": {
          "type": "If",
          "expression": {
            "or": [
              {
                "equals": [
                  "@triggerBody()?['text_1']",
                  "@null"
                ]
              },
              {
                "equals": [
                  "@triggerBody()?['text_1']",
                  "language"
                ]
              }
            ]
          },
          "actions": {
            "Get_items_from_BevorzugteSprachen": {
              "type": "OpenApiConnection",
              "inputs": {
                "parameters": {
                  "dataset": "@parameters('EnvTeamseite (pobvol_shared_sharepointonline_674cc35bbaa74bdd9774c9f9a7c59ff2)')",
                  "table": "@parameters('BevorzugteSprachen (pobvol_BevorzugteSprachen)')",
                  "$filter": "LanguageTag eq '@{triggerBody()?['text']}'",
                  "$top": 2000,
                  "viewScopeOption": "Default"
                },
                "host": {
                  "apiId": "/providers/Microsoft.PowerApps/apis/shared_sharepointonline",
                  "operationId": "GetItems",
                  "connectionName": "shared_sharepointonline"
                }
              },
              "runtimeConfiguration": {
                "paginationPolicy": {
                  "minimumItemCount": 100000
                }
              },
              "metadata": {
                "operationMetadataId": "de54775a-299f-459b-a802-cc0d6b91d157"
              }
            },
            "Data_Operations_Select_fields": {
              "type": "Select",
              "inputs": {
                "from": "@outputs('Get_items_from_BevorzugteSprachen')?['body/value']",
                "select": {
                  "Title": "@item()?['Title']",
                  "Wert": "@item()?['Wert']"
                }
              },
              "runAfter": {
                "Get_items_from_BevorzugteSprachen": [
                  "Succeeded"
                ]
              },
              "metadata": {
                "operationMetadataId": "f61a91c1-cb24-4dbc-9bfa-f0badb441cd3"
              }
            },
            "Set_variable_varListItems": {
              "type": "SetVariable",
              "inputs": {
                "name": "varListItems",
                "value": "@body('Data_Operations_Select_fields')"
              },
              "runAfter": {
                "Data_Operations_Select_fields": [
                  "Succeeded"
                ]
              },
              "metadata": {
                "operationMetadataId": "39722aa2-c1ba-41a9-a2e4-8f60d4f65b73"
              }
            },
            "Compose:_Number_of_list_items": {
              "type": "Compose",
              "inputs": "@length(outputs('Get_items_from_BevorzugteSprachen')?['body/value'])",
              "runAfter": {
                "Set_variable_varListItems": [
                  "Succeeded"
                ]
              },
              "metadata": {
                "operationMetadataId": "500ff6db-5ea0-4505-8a3b-f34233cb2c13"
              }
            },
            "Set_variable_varNumberListItems": {
              "type": "SetVariable",
              "inputs": {
                "name": "varNumberListItems",
                "value": "@outputs('Compose:_Number_of_list_items')"
              },
              "runAfter": {
                "Compose:_Number_of_list_items": [
                  "Succeeded"
                ]
              },
              "metadata": {
                "operationMetadataId": "06556616-3b19-4cfb-8419-106855b3a760"
              }
            }
          },
          "else": {
            "actions": {}
          },
          "runAfter": {
            "Initialize_variable_varNumberListItems": [
              "Succeeded"
            ]
          },
          "metadata": {
            "operationMetadataId": "8a88d34d-d446-4321-a37e-f73622892d76"
          }
        },
        "Initialize_variable_varNumberListItems": {
          "type": "InitializeVariable",
          "inputs": {
            "variables": [
              {
                "name": "varNumberListItems",
                "type": "integer",
                "value": 0
              }
            ]
          },
          "runAfter": {
            "Initialize_variable_varListItems": [
              "Succeeded"
            ]
          },
          "metadata": {
            "operationMetadataId": "3deabc98-d70e-4823-a17b-9d889247c7e9"
          }
        },
        "Condition_list_is_articles": {
          "type": "If",
          "expression": {
            "and": [
              {
                "equals": [
                  "@triggerBody()?['text_1']",
                  "articles"
                ]
              }
            ]
          },
          "actions": {
            "Get_items_from_Artikel": {
              "type": "OpenApiConnection",
              "inputs": {
                "parameters": {
                  "dataset": "@parameters('EnvTeamseite (pobvol_shared_sharepointonline_674cc35bbaa74bdd9774c9f9a7c59ff2)')",
                  "table": "@parameters('Artikel (pobvol_Artikel)')",
                  "$top": 2000,
                  "viewScopeOption": "Default"
                },
                "host": {
                  "apiId": "/providers/Microsoft.PowerApps/apis/shared_sharepointonline",
                  "operationId": "GetItems",
                  "connectionName": "shared_sharepointonline"
                }
              },
              "runtimeConfiguration": {
                "paginationPolicy": {
                  "minimumItemCount": 100000
                }
              },
              "metadata": {
                "operationMetadataId": "de54775a-299f-459b-a802-cc0d6b91d157"
              }
            },
            "Set_variable_varListItems_1": {
              "type": "SetVariable",
              "inputs": {
                "name": "varListItems",
                "value": "@body('Data_Operations_Select_fields_1')"
              },
              "runAfter": {
                "Data_Operations_Select_fields_1": [
                  "Succeeded"
                ]
              },
              "metadata": {
                "operationMetadataId": "39722aa2-c1ba-41a9-a2e4-8f60d4f65b73"
              }
            },
            "Compose:_Number_of_list_items_1": {
              "type": "Compose",
              "inputs": "@length(outputs('Get_items_from_Artikel')?['body/value'])",
              "runAfter": {
                "Set_variable_varListItems_1": [
                  "Succeeded"
                ]
              },
              "metadata": {
                "operationMetadataId": "500ff6db-5ea0-4505-8a3b-f34233cb2c13"
              }
            },
            "Set_variable_varNumberListItems_1": {
              "type": "SetVariable",
              "inputs": {
                "name": "varNumberListItems",
                "value": "@outputs('Compose:_Number_of_list_items_1')"
              },
              "runAfter": {
                "Compose:_Number_of_list_items_1": [
                  "Succeeded"
                ]
              },
              "metadata": {
                "operationMetadataId": "06556616-3b19-4cfb-8419-106855b3a760"
              }
            },
            "Data_Operations_Select_fields_1": {
              "type": "Select",
              "inputs": {
                "from": "@outputs('Get_items_from_Artikel')?['body/value']",
                "select": {
                  "Title": "@item()?['Title']",
                  "Artikelnummer": "@item()?['Artikelnummer']",
                  "Hersteller": "@item()?['Hersteller']"
                }
              },
              "runAfter": {
                "Get_items_from_Artikel": [
                  "Succeeded"
                ]
              },
              "metadata": {
                "operationMetadataId": "f61a91c1-cb24-4dbc-9bfa-f0badb441cd3"
              }
            }
          },
          "else": {
            "actions": {}
          },
          "runAfter": {
            "Condition_list_is_null_or_language": [
              "Succeeded",
              "Failed",
              "Skipped",
              "TimedOut"
            ]
          },
          "metadata": {
            "operationMetadataId": "0e36eb82-5d77-45c2-8380-729daeae6c7d"
          }
        }
      }
    },
    "templateName": null
  },
  "schemaVersion": "1.0.0.0"
}