{
  "properties": {
    "connectionReferences": {
      "shared_sharepointonline_1": {
        "runtimeSource": "invoker",
        "connection": {
          "connectionReferenceLogicalName": "pobvol_sharedsharepointonline_db0bc"
        },
        "api": {
          "name": "shared_sharepointonline"
        }
      }
    },
    "definition": {
      "$schema": "https://schema.management.azure.com/providers/Microsoft.Logic/schemas/2016-06-01/workflowdefinition.json#",
      "contentVersion": "1.0.0.0",
      "parameters": {
        "$connections": {
          "defaultValue": {},
          "type": "Object"
        },
        "$authentication": {
          "defaultValue": {},
          "type": "SecureObject"
        },
        "EnvTeamseite (pobvol_shared_sharepointonline_674cc35bbaa74bdd9774c9f9a7c59ff2)": {
          "defaultValue": "https://pobvol.sharepoint.com/sites/pssService",
          "type": "String",
          "metadata": {
            "schemaName": "pobvol_shared_sharepointonline_674cc35bbaa74bdd9774c9f9a7c59ff2",
            "description": "hier eine Teamseite zuordnen"
          }
        },
        "Dokumente (pobvol_shared_sharepointonline_f7b59932fe464c11bb810a7e6aa5810b)": {
          "defaultValue": "ea8c1b54-eeda-47db-b421-f5c91c740d90",
          "type": "String",
          "metadata": {
            "schemaName": "pobvol_shared_sharepointonline_f7b59932fe464c11bb810a7e6aa5810b",
            "description": "Zeiger für die SharePoint-Bibliothek Dokumente"
          }
        }
      },
      "triggers": {
        "manual": {
          "metadata": {
            "operationMetadataId": "a4401747-866b-4e76-937f-783ea246a062"
          },
          "type": "Request",
          "kind": "PowerAppV2",
          "inputs": {
            "schema": {
              "type": "object",
              "properties": {
                "file": {
                  "title": "Dateiinhalt",
                  "type": "object",
                  "x-ms-dynamically-added": true,
                  "description": "Required",
                  "x-ms-content-hint": "FILE",
                  "properties": {
                    "name": {
                      "type": "string"
                    },
                    "contentBytes": {
                      "type": "string",
                      "format": "byte"
                    }
                  }
                },
                "text": {
                  "title": "Dateiname",
                  "type": "string",
                  "x-ms-dynamically-added": true,
                  "description": "Required",
                  "x-ms-content-hint": "TEXT"
                },
                "text_1": {
                  "title": "Ordner",
                  "type": "string",
                  "x-ms-dynamically-added": true,
                  "description": "Required",
                  "x-ms-content-hint": "TEXT"
                },
                "text_2": {
                  "title": "Unterordner",
                  "type": "string",
                  "x-ms-dynamically-added": true,
                  "description": "Required",
                  "x-ms-content-hint": "TEXT"
                }
              },
              "required": [
                "file",
                "text",
                "text_1",
                "text_2"
              ]
            }
          }
        }
      },
      "actions": {
        "Datei_erstellen": {
          "runAfter": {
            "Create_new_folder": [
              "Succeeded"
            ]
          },
          "metadata": {
            "operationMetadataId": "13a3f1f7-0d93-4a20-9835-7c31e7d53d3a"
          },
          "type": "OpenApiConnection",
          "inputs": {
            "host": {
              "connectionName": "shared_sharepointonline_1",
              "operationId": "CreateFile",
              "apiId": "/providers/Microsoft.PowerApps/apis/shared_sharepointonline"
            },
            "parameters": {
              "dataset": "@{parameters('EnvTeamseite (pobvol_shared_sharepointonline_674cc35bbaa74bdd9774c9f9a7c59ff2)')} ",
              "folderPath": "@triggerBody()['text_1']",
              "name": "@triggerBody()['text']",
              "body": "@triggerBody()['file']['contentBytes']"
            },
            "authentication": "@parameters('$authentication')"
          },
          "runtimeConfiguration": {
            "contentTransfer": {
              "transferMode": "Chunked"
            }
          }
        },
        "Auf_eine_PowerApp_oder_einen_Flow_antworten": {
          "runAfter": {
            "Update_file": [
              "Succeeded"
            ]
          },
          "metadata": {
            "operationMetadataId": "528cdd31-f69c-4265-a67d-7a40cb464130"
          },
          "type": "Response",
          "kind": "PowerApp",
          "inputs": {
            "statusCode": 200,
            "body": {
              "itemid": "@{outputs('Datei_erstellen')?['body/ItemId']}"
            },
            "schema": {
              "type": "object",
              "properties": {
                "itemid": {
                  "title": "ItemId",
                  "x-ms-dynamically-added": true,
                  "type": "string"
                }
              }
            }
          }
        },
        "Update_file": {
          "runAfter": {
            "Datei_erstellen": [
              "Succeeded"
            ]
          },
          "metadata": {
            "operationMetadataId": "77fa8517-b5a0-4a35-b4eb-139eb6fa8e76"
          },
          "type": "OpenApiConnection",
          "inputs": {
            "host": {
              "connectionName": "shared_sharepointonline_1",
              "operationId": "UpdateFile",
              "apiId": "/providers/Microsoft.PowerApps/apis/shared_sharepointonline"
            },
            "parameters": {
              "dataset": "@parameters('EnvTeamseite (pobvol_shared_sharepointonline_674cc35bbaa74bdd9774c9f9a7c59ff2)')",
              "id": "@outputs('Datei_erstellen')?['body/Id']",
              "body": "@triggerBody()['file']['contentBytes']"
            },
            "authentication": "@parameters('$authentication')"
          }
        },
        "Create_new_folder": {
          "runAfter": {},
          "metadata": {
            "operationMetadataId": "8fa2be21-d01d-40ed-a3bd-7516363f78e7"
          },
          "type": "OpenApiConnection",
          "inputs": {
            "host": {
              "connectionName": "shared_sharepointonline_1",
              "operationId": "CreateNewFolder",
              "apiId": "/providers/Microsoft.PowerApps/apis/shared_sharepointonline"
            },
            "parameters": {
              "dataset": "@parameters('EnvTeamseite (pobvol_shared_sharepointonline_674cc35bbaa74bdd9774c9f9a7c59ff2)')",
              "table": "@parameters('Dokumente (pobvol_shared_sharepointonline_f7b59932fe464c11bb810a7e6aa5810b)')",
              "parameters/path": "@triggerBody()['text_2']"
            },
            "authentication": "@parameters('$authentication')"
          }
        }
      }
    },
    "templateName": ""
  },
  "schemaVersion": "1.0.0.0"
}