<environmentvariabledefinition schemaname="pobvol_DokumenteRootFolder">
  <defaultvalue>/Freigegebene Dokumente</defaultvalue>
  <description default="/Freigegebene Dokumente">
    <label description="/Freigegebene Dokumente" languagecode="1031" />
  </description>
  <displayname default="DokumenteRootFolder">
    <label description="DokumenteRootFolder" languagecode="1031" />
  </displayname>
  <introducedversion>1.0</introducedversion>
  <iscustomizable>1</iscustomizable>
  <isrequired>0</isrequired>
  <secretstore>0</secretstore>
  <type>100000000</type>
</environmentvariabledefinition>