<environmentvariabledefinition schemaname="pobvol_ArchivServicevorgaengeP">
  <apiid>/providers/microsoft.powerapps/apis/shared_sharepointonline</apiid>
  <description default="Service positions (checkpoints)">
    <label description="Service positions (checkpoints)" languagecode="1031" />
  </description>
  <displayname default="ArchivServicevorgaengeP">
    <label description="ArchivServicevorgaengeP" languagecode="1031" />
  </displayname>
  <introducedversion>1.0</introducedversion>
  <iscustomizable>1</iscustomizable>
  <isrequired>0</isrequired>
  <parameterkey>table</parameterkey>
  <parentdefinitionid>
    <schemaname>pobvol_pssServiceTeamsite</schemaname>
  </parentdefinitionid>
  <secretstore>0</secretstore>
  <type>100000004</type>
</environmentvariabledefinition>