<environmentvariabledefinition schemaname="pobvol_shared_sharepointonline_fbaeddd2ed124d13a8aa0b54818e452b">
  <apiid>/providers/microsoft.powerapps/apis/shared_sharepointonline</apiid>
  <displayname default="Servicevorgaenge">
    <label description="Servicevorgaenge" languagecode="1031" />
  </displayname>
  <introducedversion>1.0.0.0</introducedversion>
  <iscustomizable>1</iscustomizable>
  <isrequired>0</isrequired>
  <parameterkey>table</parameterkey>
  <parentdefinitionid>
    <schemaname>pobvol_pssServiceTeamsite</schemaname>
  </parentdefinitionid>
  <secretstore>0</secretstore>
  <type>100000004</type>
</environmentvariabledefinition>